3,8857987707710535; 0,1407725594747049
3,9566192564459435; 0,13978206317155895
6,789191059365741; 0,046180162524322554
6,860011545040631; 0,045189666221176594
6,93083203071552; 0,044199169918030634
7,0016525163904095; 0,04320867361489178
8,170190530026087; 0,026865484612990542
9,515779757848993; 0,00804605485323151
9,586724055561774; 0,0340465828107952
9,663487519055536; 0,041970553235955776
9,728612650987337; 0,08604763872592258
9,728241214873659; 0,00507456594379363
9,799433136662227; 0,08505714242277662
9,799061700548549; 0,0040840696406476695
9,852300876842609; 0,030332221674001403
10,117877698123444; 0,026617860537207605
10,188698183798333; 0,025627364234061645
10,259518669473223; 0,024636867930915685
10,330339155148113; 0,023646371627769724
10,401159640823003; 0,022655875324623764
10,47222775057368; 0,0756474275428971
10,471856314460002; -0,0053256452392318465
10,54304823624857; 0,07465693123975115
10,542676800134892; -0,006316141542377807
10,614116345999246; 0,1276484834580245
10,613621097847673; 0,019684386415185884
10,690838538813708; 0,12657544579628421
10,684379677503614; 0,005198377981685098
10,761906648564384; 0,17956699801455756
10,755385881235345; 0,044694418069603614
10,737433135740837; -0,009040006376025644
10,83297475831506; 0,2325585502328309
10,826453990986021; 0,09768597028787696
10,808377433453618; 0,016960521581538046
10,898141160926162; 0,28563264380970566
10,897645912774589; 0,17766854676686705
10,897274476660911; 0,0966954739847381
10,969209270676838; 0,338624196027979
10,968714022525266; 0,2306600989851404
10,968218774373693; 0,12269600194230179
11,040029756351728; 0,33763369972483304
11,039534508200155; 0,22966960268199443
11,039163072086478; 0,14869652989986548
11,110850242026618; 0,3366432034216871
11,110354993875045; 0,22867910637884847
11,109983557761367; 0,14770603359671952
11,181918351777295; 0,3896347556399604
11,181423103625722; 0,2816706585971218
11,180989761493098; 0,18720207368463804
11,252986461527971; 0,44262630785823376
11,252491213376398; 0,33466221081539516
11,252057871243771; 0,24019362590291138
11,324054571278648; 0,4956178600765071
11,323559323127075; 0,3876537630336685
11,323064074975502; 0,2796896659908299
11,395122681029324; 0,5486094122947804
11,394627432877751; 0,44064531525194184
11,394194090745124; 0,34617673033945806
11,472092497919572; 0,6015184231544595
11,465571730590533; 0,46664584320950553
11,44749517305813; 0,3859203945031666
11,53750652460646; 0,7085745652527535
11,537011276454887; 0,6006104682099078
11,536516028303314; 0,4926463711670692
11,518439470770915; 0,4119209224607303
11,614476341496712; 0,7614835761124326
11,607955574167669; 0,6266109961674786
11,589879016635269; 0,5458855474611326
11,685792075323171; 0,8684571768521252
11,679271307994131; 0,7335845969071784
11,678837965861508; 0,6391160119946946
11,66082331434805; 0,5718860754186963
11,751206102010062; 0,9755133189504193
11,75071085385849; 0,8675492219075807
11,750215605706916; 0,7595851248647421
11,732139048174513; 0,678859676158396
11,82817591890031; 1,0284223298100983
11,821655151571271; 0,8935497498651443
11,803578594038871; 0,8128243011587983
11,899244028650987; 1,0814138820283716
11,892723261321947; 0,9465413020834177
11,874646703789548; 0,8658158533770717
11,970559762477446; 1,1883874827680643
11,96403899514841; 1,0535149028231103
11,963605653015783; 0,9590463179106266
12,035973789164338; 1,2954436248663512
12,035478541012765; 1,1874795278235126
12,034983292861195; 1,079515430780674
12,016906735328789; 0,9987899820743351
12,112943606054586; 1,3483526357260303
12,10642283872555; 1,2134800557810763
12,088346281193143; 1,1327546070747374
12,184259339881049; 1,455326236465723
12,177738572552009; 1,320453656520769
12,177305230419382; 1,2259850716082852
12,159290578905928; 1,158755135032301
12,255327449631725; 1,5083177886839962
12,248806682302686; 1,3734452087390423
12,230730124770282; 1,2927197600327034
12,326643183458188; 1,6152913894236889
12,320122416129148; 1,480418809478735
12,319689073996521; 1,3859502245662512
12,397958917284651; 1,7222649901633815
12,391438149955611; 1,5873924102184347
12,391004807822984; 1,4929238253059438
12,37299015630953; 1,4256938887299597
12,46927465111111; 1,8292385909030742
12,46275388378207; 1,6943660109581273
12,462320541649447; 1,5998974260456436
12,444305890135993; 1,5326674894696524
12,540590384937573; 1,936212191642774
12,534069617608534; 1,80133961169782
12,53357436945696; 1,6933755146549814
12,515497811924561; 1,6126500659486354
12,612153742839823; 2,097167840903886
12,605632975510783; 1,962295260958932
12,60513772735921; 1,8543311639160933
12,58706116982681; 1,7736057152097473
12,683469476666286; 2,2041414416435785
12,676948709337246; 2,0692688616986246
12,676453461185673; 1,961304764655786
12,658376903653274; 1,88057931594944
12,755032834568532; 2,3650970909046904
12,748512067239496; 2,2302245109597365
12,748016819087923; 2,122260413916898
12,72994026155552; 2,041534965210552
12,820446861255423; 2,4721532330029774
12,81995161310385; 2,364189135960139
12,81945636495228; 2,2562250389173
12,819023022819653; 2,1617564540048164
12,85635235224444; 2,579622081894243
12,89815955037303; 2,6870083894269143
12,897169054069884; 2,471080195341237
12,89071019275979; 2,349703127526638
12,872695541246337; 2,282473190950654
12,963821201135705; 2,8480465800466206
12,963325952984132; 2,740082483003782
12,962830704832559; 2,6321183859609434
12,962335456680986; 2,524154288918105
12,944135087110691; 2,4164378159510562
13,005628399264296; 2,955432887579292
13,034394062734808; 2,7930740352220553
13,033898814583235; 2,6851099381792167
13,015822257050836; 2,604384489472878
13,071290050026974; 3,116471078198998
13,070794801875401; 3,0085069811561596
13,070299553723828; 2,900542884113321
13,113097248155565; 3,2238573857316695
13,105338360447593; 2,819074563179619
13,141862911626077; 3,061498533374433
13,141367663474504; 2,9535344363315943
13,17875889891824; 3,384895576351383
13,178263650766667; 3,2769314793085442
13,177768402615094; 3,1689673822657056
13,220566097046827; 3,492281883884047
13,212807209338859; 3,0874990613320037
13,249331760517343; 3,3299230315268176
13,24883651236577; 3,221958934483979
13,286227747809502; 3,6533200745037604
13,285732499657929; 3,545355977460922
13,28523725150636; 3,437391880418083
13,328034945938093; 3,7607063820364317
13,320276058230125; 3,3559235594843813
13,356800609408605; 3,598347529679195
13,356305361257032; 3,4903834326363565
13,39369659670077; 3,921744572656138
13,393201348549198; 3,8137804756132994
13,392706100397625; 3,7058163785704608
13,429602087689787; 4,029213421547404
13,427683001102444; 3,610852545506404
13,465507578678807; 4,136682270438669
13,46451708237566; 3,920754076352992
13,464021834224088; 3,8127899793101534
13,463588492091464; 3,7183213943976696
13,507314776807398; 4,2440685779713405
13,506324280504252; 4,028140383885663
13,53756618473263; 4,40560201674262
13,51738482255604; 3,8660291556042097
13,573471675721645; 4,513070865633885
13,5724811794185; 4,297142671548208
13,571985931266926; 4,18917857450537
13,571490683115353; 4,081214477462531
13,553290313545059; 3,9734980044954753
13,615278873850233; 4,620457173166557
13,61428837754709; 4,4045289790808795
13,645530281775464; 4,781990611937836
13,643115947036549; 4,255665638853998
13,6249774834852; 4,161444678017304
13,687337479904055; 4,889376919470507
13,68634698360091; 4,67344872538483
13,67982621627187; 4,538576145439876
13,679330968120297; 4,4306120483970375
13,661254410587897; 4,349886599690699
13,717588887829287; 5,0509103582417865
13,753494378818303; 5,158379207133052
13,752503882515157; 4,942451013047375
13,752008634363584; 4,834486916004536
13,751513386212011; 4,726522818961698
13,751080044079387; 4,632054234049214
13,732941580528038; 4,53783327321252
13,795301576946894; 5,265765514665723
13,794311080643748; 5,049837320580046
13,8314546920117; 5,427216412078408
13,823200556152155; 4,914469492483519
13,80500018658186; 4,806753019516471
13,861706099936931; 5,588749850849688
13,860220355482213; 5,264857559721172
13,85972510733064; 5,156893462678333
13,859229859179067; 5,0489293656354945
13,90351329806552; 5,696136158382359
13,902522801762373; 5,480207964296682
13,896002034433334; 5,345335384351728
13,939666413130322; 5,857587055795044
13,91308809566259; 5,2101326389723965
13,969917821055553; 6,01912049456633
13,968432076600838; 5,695228203437814
13,967936828449265; 5,587264106394976
13,967441580297692; 5,479300009352137
13,949241210727397; 5,3715835363850815
13,948869774613716; 5,2906104636029525
14,011725019184144; 6,126506802098994
14,010734522880998; 5,910578608013317
14,004213755551959; 5,77570602806837
14,047878134248947; 6,287957699511679
14,02129981678122; 5,640503282689032
14,020928380667538; 5,559530209906903
14,078129542174178; 6,449491138282966
14,07664379771946; 6,12559884715445
14,076148549567886; 6,017634750111611
14,075653301416313; 5,909670653068773
14,057452931846019; 5,801954180101717
14,05708149573234; 5,720981107319588
14,11993674030277; 6,556877445815637
14,118946243999623; 6,34094925172996
14,112425476670587; 6,206076671785006
14,156089855367576; 6,718328343228322
14,129511537899841; 6,0708739264056675
14,129140101786163; 5,9899008536235385
14,186341263292807; 6,879861781999601
14,184855518838088; 6,555969490871085
14,184360270686515; 6,448005393828247
14,183865022534942; 6,340041296785408
14,165664652964644; 6,232324823818352
14,165293216850966; 6,1513517510362234
14,228148461421394; 6,987248089532272
14,227157965118252; 6,771319895446595
14,220637197789209; 6,636447315501641
14,258399869346626; 7,148781528303552
14,237723259018466; 6,501244570122303
14,237351822904785; 6,420271497340174
14,300207067475213; 7,256167835836223
14,299216571172067; 7,040239641750546
14,292695803843031; 6,905367061805592
14,292200555691458; 6,797402964762753
14,274123998159059; 6,716677516056407
14,273628750007486; 6,608713419013569
14,330458475400448; 7,417701274607502
14,372265673529036; 7,525087582140181
14,37127517722589; 7,309159388054496
14,364754409896854; 7,174286808109542
14,36425916174528; 7,066322711066704
14,346182604212878; 6,985597262360365
14,345687356061308; 6,877633165317526
14,408418788593842; 7,6865384795528655
14,444571903658645; 7,84798937696555
14,443086159203926; 7,524097085837035
14,43656539187489; 7,389224505892074
14,436132049742262; 7,29475592097959
14,417993586190914; 7,200534960142896
14,417622150077236; 7,119561887360767
14,48072501872345; 8,009440274378235
14,479239274268732; 7,6855479832497196
14,51687813378825; 8,17089117179092
14,515392389333535; 7,8469988806624045
14,50812874977714; 7,550180155153193
14,48980456816895; 7,415472657925427
14,553031248853056; 8,332342069203605
14,55154550439834; 8,00844977807509
14,544281864841938; 7,7116310525658776
14,589184363917859; 8,49379296661629
14,58769861946314; 8,169900675487774
14,580434979906745; 7,8730819499785625
14,61943577184309; 8,65532640538757
14,617950027388371; 8,331434114259054
14,616526188952601; 8,021037335260893
14,661242969971681; 8,76271271292024
14,660252473668535; 8,546784518834563
14,6537317063395; 8,41191193888961
14,658807999893117; 8,231889235792949
14,63466465250395; 8,115258296097593
14,697396085036484; 8,924163610332926
14,73354920010129; 9,08561450774561
14,732063455646571; 8,761722216617095
14,725542688317532; 8,62684963667214
14,725047440165959; 8,518885539629302
14,706970882633556; 8,438160090922963
14,706599446519878; 8,357187018140834
14,769702315166093; 9,247065405158295
14,768216570711374; 8,92317311402978
14,805855430230896; 9,40851630257098
14,80436968577618; 9,084624011442465
14,797106046219778; 8,78780528593326
14,778781864611592; 8,653097788705495
14,842008545295698; 9,569967199983665
14,840522800840983; 9,24607490885515
14,833259161284584; 8,949256183345945
14,878161660360504; 9,73141809739635
14,876675915905786; 9,407525806267834
14,869412276349387; 9,11070708075863
14,908413068285736; 9,892951536167637
14,906927323831017; 9,56905924503912
14,905503485395247; 9,25866246604096
14,950220266414327; 10,000337843700308
14,949229770111181; 9,78440964961463
14,942709002782141; 9,649537069669677
14,947785296335763; 9,469514366573016
14,923641948946592; 9,352883426877654
14,98637338147913; 10,161788741112993
15,022526496543932; 10,323239638525678
15,021040752089213; 9,999347347397162
15,014519984760177; 9,864474767452208
15,014024736608604; 9,75651067040937
14,995948179076201; 9,675785221703023
14,995576742962523; 9,594812148920894
15,058679611608738; 10,484690535938363
15,05719386715402; 10,160798244809847
15,088931019533966; 10,646223974709642
15,08744527507925; 10,322331683581126
15,086021436643478; 10,011934904582965
15,067759161054237; 9,890722919485555
15,130738217662557; 10,753610282242313
15,129747721359411; 10,537682088156636
15,123226954030372; 10,402809508211682
15,128303247583993; 10,222786805115021
15,104159900194826; 10,106155865419659
15,16689133272736; 10,915061179654998
15,203044447792166; 11,076512077067683
15,201558703337447; 10,752619785939167
15,195037936008408; 10,617747205994213
15,19460459387578; 10,52327862108173
15,176466130324435; 10,429057660245036
15,176094694210754; 10,348084587462907
15,239197562856969; 11,237962974480368
15,23771181840225; 10,914070683351852
15,2694489707822; 11,399496413251647
15,267963226327481; 11,075604122123131
15,266539387891711; 10,76520734312497
15,248277112302468; 10,643995358027567
15,311256168910791; 11,506882720784319
15,310265672607645; 11,290954526698641
15,303744905278606; 11,156081946753687
15,308821198832224; 10,976059243657026
15,284677851443057; 10,859428303961671
15,347409283975598; 11,668333618197003
15,383562399040397; 11,829784515609688
15,382076654585681; 11,505892224481173
15,375555887256642; 11,371019644536219
15,375122545124018; 11,276551059623735
15,356984081572666; 11,182330098787041
15,356612645458984; 11,101357026004912
15,4197155141052; 11,991235413022373
15,418229769650484; 11,667343121893857
15,455868629170006; 12,152686310435058
15,454382884715287; 11,828794019306542
15,447119245158891; 11,53197529379733
15,428795063550702; 11,397267796569572
15,486120037095237; 12,314219749206337
15,484634292640518; 11,990327458077822
15,483210454204748; 11,67993067907966
15,527927235223828; 12,421606056739009
15,526936738920682; 12,205677862653332
15,520415971591643; 12,070805282708378
15,52549226514526; 11,890782579611717
15,501348917756093; 11,774151639916361
15,56408035028863; 12,583056954151694
15,594331758213862; 12,74459039292298
15,592846013759143; 12,420698101794464
15,59235076560757; 12,312734004751626
15,591855517455997; 12,204769907708787
15,573655147885702; 12,097053434741731
15,573283711772024; 12,016080361959602
15,636138956342453; 12,851976700455644
15,635148460039307; 12,636048506369967
15,628627692710268; 12,50117592642502
15,66639036426768; 13,01351013922693
15,645713753939525; 12,365973181045682
15,645342317825843; 12,285000108263553
15,708197562396272; 13,120896446759602
15,707207066093126; 12,904968252673925
15,70068629876409; 12,77009567272897
15,700191050612517; 12,662131575686132
15,682114493080114; 12,581406126979786
15,681619244928541; 12,473442029936948
15,738448970321503; 13,282429885530881
15,780256168450094; 13,389816193063552
15,779265672146948; 13,173887998977875
15,772744904817912; 13,039015419032921
15,77224965666634; 12,931051321990083
15,754173099133933; 12,850325873283737
15,753677850982363; 12,742361776240898
15,810507576375326; 13,551349631834832
15,852314774503917; 13,658735939367503
15,85132427820077; 13,442807745281826
15,844803510871731; 13,307935165336872
15,844308262720158; 13,199971068294033
15,826231705187755; 13,119245619587687
15,825736457036182; 13,011281522544849
15,882566182429148; 13,820269378138782
15,92437338055774; 13,927655685671454
15,923382884254593; 13,711727491585776
15,91686211692555; 13,576854911640822
15,916366868773977; 13,468890814597984
15,898290311241578; 13,388165365891638
15,8979188751279; 13,307192293109509
15,954624788482967; 14,089189124442733
15,990530279471983; 14,196657973333998
15,98953978316884; 13,980729779248321
15,989044535017268; 13,872765682205483
15,988549286865695; 13,764801585162644
15,988115944733067; 13,67033300025016
15,969977481181719; 13,576112039413466
16,026435770461003; 14,304126822225264
16,025445274157857; 14,088198628139587
16,06234126145002; 14,411595671116537
16,061350765146873; 14,195667477030852
16,06036026884373; 13,979739282945175
16,042159899273436; 13,872022809978127
16,09824675243904; 14,519064520007802
16,097256256135893; 14,303136325922118
16,096265759832747; 14,08720813183644
16,140053950567626; 14,626450827540474
16,13906345426448; 14,410522633454796
16,138114228640635; 14,20359144745602
16,17030535849286; 14,787984266311753
16,206210849481877; 14,895453115203019
16,20522035317873; 14,679524921117341
16,20472510502716; 14,571560824074503
16,204229856875585; 14,463596727031664
16,18602948730529; 14,355880254064608
16,242116340470893; 15,002921964094284
16,241125844167748; 14,786993770008607
16,278021831459913; 15,11039081298555
16,277031335156767; 14,894462618899873
16,27604083885362; 14,678534424814195
16,257840469283327; 14,570817951847147
16,313927322448926; 15,217859661876815
16,312936826145783; 15,001931467791138
16,311946329842637; 14,786003273705461
16,349832813437946; 15,325328510768088
16,348842317134803; 15,109400316682411
16,347851820831657; 14,893472122596734
16,38573830442696; 15,432797359659354
16,384747808123816; 15,216869165573677
16,38381921783962; 15,014436483618354
16,42164379541598; 15,54026620855062
16,420653299112836; 15,324338014464942
16,41972470882864; 15,12190533250962
16,457549286404998; 15,647735057441885
16,45655879010185; 15,431806863356208
16,455630199817655; 15,229374181400885
16,493454777394017; 15,75520390633315
16,49246428109087; 15,539275712247473
16,491535690806675; 15,336843030292151
16,529360268383034; 15,862672755224416
16,528369772079888; 15,646744561138739
16,52737927577674; 15,430816367053062
16,56526575937205; 15,970141604115682
16,564275263068904; 15,754213410030005
16,563284766765758; 15,538285215944327
16,60117125036107; 16,077610453006947
16,600180754057924; 15,86168225892127
16,599190257754778; 15,645754064835593
16,637076741350086; 16,185079301898213
16,63608624504694; 15,969151107812536
16,635095748743794; 15,753222913726859
16,672982232339105; 16,29254815078948
16,67199173603596; 16,0766199567038
16,671001239732814; 15,860691762618124
16,708887723328118; 16,400016999680744
16,707897227024976; 16,184088805595067
16,70690673072183; 15,96816061150939
16,744793214317138; 16,50748584857201
16,743802718013995; 16,291557654486333
16,74281222171085; 16,075629460400656
16,780698705306154; 16,614954697463276
16,779708209003008; 16,3990265033776
16,778717712699866; 16,18309830929192
16,816604196295174; 16,72242354635454
16,815613699992028; 16,506495352268864
16,814623203688885; 16,290567158183187
16,85250968728419; 16,829892395245807
16,851519190981044; 16,61396420116013
16,850528694677898; 16,398036007074452
16,88841517827321; 16,937361244137072
16,887424681970064; 16,721433050051395
16,886496091685867; 16,519000368096073
16,924320669262226; 17,044830093028338
16,92333017295908; 16,82890189894266
16,922401582674883; 16,62646921698734
16,960226160251242; 17,152298941919604
16,959235663948096; 16,936370747833926
16,958307073663896; 16,733938065878604
17,002033358379833; 17,259685249452275
17,001042862076687; 17,043757055366598
16,994274470671865; 16,854902426900225
17,073596716282083; 17,420640898713387
17,067075948953043; 17,285768318768433
17,06658070080147; 17,177804221725594
17,066147358668847; 17,08333563681311
17,048008895117498; 16,989114675976417
17,139010742968974; 17,52769704081168
17,1385154948174; 17,419732943768842
17,13802024666583; 17,311768846726004
17,1375869045332; 17,21730026181352
17,180817941097562; 17,635083348344345
17,21548531170765; 17,472641954628514
17,19138323499778; 17,36500802302006
17,25213367492402; 17,742056949084045
17,245612907594985; 17,60718436913909
17,280465996261913; 17,485229511814325
17,32369703282627; 17,903012598345157
17,317176265497235; 17,768140018400203
17,316681017345662; 17,660175921357364
17,29860445981326; 17,57945047265102
17,389111059513162; 18,010068740443444
17,38861581136159; 17,902104643400605
17,388120563210016; 17,794140546357767
17,387687221077393; 17,699671961445283
17,430918257641753; 18,117455047976115
17,465585628251837; 17,955013654260284
17,44148355154197; 17,847379722651823
17,502233991468216; 18,224428648715808
17,495713224139177; 18,089556068770854
17,5305663128061; 17,967601211446087
17,573797349370462; 18,38538429797692
17,567276582041423; 18,250511718031966
17,56678133388985; 18,142547620989127
17,54870477635745; 18,06182217228279
17,645113083196925; 18,492357898716612
17,638592315867886; 18,35748531877166
17,638097067716313; 18,24952122172882
17,620020510183913; 18,16879577302248
17,716676441099175; 18,653313547977724
17,710155673770135; 18,51844096803277
17,709660425618562; 18,410476870989932
17,691583868086163; 18,329751422283593
17,787992174925634; 18,760287148717417
17,781471407596598; 18,625414568772463
17,780976159445025; 18,517450471729624
17,762899601912626; 18,436725023023286
17,859307908752097; 18,86726074945711
17,85278714142306; 18,732388169512156
17,852353799290434; 18,637919584599672
17,83421533573909; 18,543698623762978
17,93062364257856; 18,974234350196802
17,924102875249524; 18,839361770251855
17,923669533116897; 18,74489318533937
17,90565488160344; 18,67766324876338
18,001939376405023; 19,081207950936495
17,995418609075987; 18,946335370991548
17,99498526694336; 18,851866786079064
17,976970615429902; 18,784636849503073
18,073255110231486; 19,188181551676195
18,066734342902446; 19,05330897173124
18,06630100076982; 18,958840386818757
18,048286349256365; 18,891610450242766
18,14457084405795; 19,295155152415887
18,13805007672891; 19,160282572470933
18,137616734596282; 19,06581398755845
18,119602083082828; 18,99858405098246
18,21588657788441; 19,40212875315558
18,209365810555372; 19,267256173210626
18,208932468422745; 19,172787588298142
18,19091781690929; 19,10555765172215
18,287202311710875; 19,509102353895273
18,28068154438183; 19,37422977395032
18,280248202249208; 19,279761189037835
18,262233550735754; 19,212531252461844
18,358518045537334; 19,616075954634965
18,351997278208295; 19,48120337469001
18,35156393607567; 19,386734789777528
18,333549284562213; 19,319504853201543
18,42958615528801; 19,66906750685324
18,42306538795897; 19,534194926908285
18,422632045826347; 19,4397263419958
18,40461739431289; 19,372496405419817
18,500654265038687; 19,722059059071512
18,494133497709647; 19,587186479126558
18,476056940177248; 19,50646103042022
18,57196999886515; 19,829032659811205
18,56544923153611; 19,69416007986625
18,565015889403483; 19,599691494953767
18,643038108615823; 19,882024212029478
18,636517341286787; 19,747151632084524
18,618440783754384; 19,666426183378185
18,714353842442286; 19,98899781276917
18,70783307511325; 19,854125232824224
18,707399732980623; 19,75965664791174
18,689385081467165; 19,69242671133575
18,785421952192962; 20,041989364987444
18,778901184863923; 19,907116785042497
18,760824627331523; 19,82639133633615
18,856737686019425; 20,148962965727144
18,850216918690386; 20,01409038578219
18,84978357655776; 19,919621800869706
18,921904088630527; 20,20203705930401
18,921408840478954; 20,094072962261173
18,92097549834633; 19,99960437734869
18,992972198381203; 20,255028611522285
18,99247695022963; 20,147064514479446
18,992043608097006; 20,052595929566962
19,06404030813188; 20,308020163740558
19,063545059980306; 20,20005606669772
19,063049811828733; 20,09209196965488
19,14076250094634; 20,306947126078818
19,134241733617305; 20,172074546133864
19,116288988122797; 20,118340121688234
19,206176527633232; 20,41400326817711
19,20568127948166; 20,306039171134266
19,205186031330086; 20,198075074091427
19,28314634452348; 20,46691227903679
19,276625577194444; 20,332039699091837
19,25854901966204; 20,25131425038549
19,354462078349943; 20,573885879776483
19,347941311020907; 20,43901329983153
19,34750796888828; 20,344544714919046
19,329493317374823; 20,277314778343055
19,42553018810062; 20,626877431994757
19,41900942077158; 20,492004852049803
19,400932863239177; 20,411279403343457
19,496598297851296; 20,67986898421303
19,490077530522253; 20,544996404268076
19,472124785027745; 20,491261979822447
19,561764700462398; 20,732943077789898
19,561269452310825; 20,62497898074706
19,560898016197143; 20,54400590796493
19,632832810213074; 20,78593463000817
19,6323375620615; 20,677970532965332
19,631904219928874; 20,58350194805285
19,703653295887964; 20,78494413370503
19,70315804773639; 20,676980036662187
19,70278661162271; 20,596006963880058
19,77472140563864; 20,837935685923302
19,774226157487067; 20,729971588880463
19,77379281535444; 20,635503003967976
19,851443598453102; 20,83686264826156
19,844922831124062; 20,70199006831661
19,826970085629554; 20,648255643870975
19,916610001064207; 20,88993674183843
19,916114752912634; 20,78197264479559
19,915743316798952; 20,700999572013465
19,987678110814883; 20,942928294056703
19,98718286266331; 20,834964197013864
19,986749520530683; 20,74049561210138
20,058498596489773; 20,94193779775356
20,0580033483382; 20,83397370071072
20,05763191222452; 20,753000627928593
20,12956670624045; 20,994929349971834
20,129071458088877; 20,886965252928995
20,12863811595625; 20,79249666801651
20,20628889905491; 20,993856312310093
20,19976813172587; 20,85898373236514
20,18181538623136; 20,805249307919507
20,271702925741796; 21,10091245440838
20,271207677590226; 20,99294835736554
20,270712429438653; 20,884984260322703
20,342771035492472; 21,153904006626654
20,3422757873409; 21,045939909583815
20,341842445208275; 20,95147132467133
20,413591521167362; 21,152913510323508
20,41309627301579; 21,04494941328067
20,41272483690211; 20,96397634049854
20,48465963091804; 21,205905062541785
20,484164382766465; 21,097940965498946
20,48373104063384; 21,003472380586462
20,555727740668715; 21,258896614760058
20,555232492517142; 21,15093251771722
20,55473724436557; 21,04296842067438
20,632449933483176; 21,257823577098318
20,62592916615414; 21,122950997153364
20,607976420659632; 21,06921657270773
20,69761633609428; 21,310897670675185
20,69712108794271; 21,202933573632347
20,69674965182903; 21,121960500850218
20,768684445844958; 21,36388922289346
20,768189197693385; 21,25592512585062
20,76775585556076; 21,161456540938136
20,839504931519848; 21,362898726590316
20,839009683368275; 21,254934629547478
20,838638247254597; 21,17396155676535
20,91622712433431; 21,361825688928572
20,909706357005273; 21,226953108983622
20,89175361151076; 21,17321868453799
20,98139352694541; 21,414899782505444
20,980898278793838; 21,306935685462605
20,98052684268016; 21,225962612680476
21,058115719759876; 21,413826744843703
21,051594952430836; 21,27895416489875
21,033642206936328; 21,225219740453117
21,123282122370977; 21,46690083842057
21,122786874219404; 21,358936741377732
21,122415438105726; 21,277963668595604
21,194350232121653; 21,519892390638848
21,19385498397008; 21,41192829359601
21,193421641837457; 21,317459708683526
21,265170717796543; 21,518901894335702
21,26467546964497; 21,410937797292863
21,264304033531293; 21,329964724510734
21,33623882754722; 21,571893446553975
21,335743579395647; 21,463929349511137
21,33531023726302; 21,369460764598653
21,40705931322211; 21,57090295025083
21,406564065070537; 21,46293885320799
21,40619262895686; 21,381965780425862
21,477879798897; 21,569912453947683
21,477384550745427; 21,461948356904845
21,47701311463175; 21,380975284122716
21,54870028457189; 21,568921957644537
21,548205036420317; 21,4609578606017
21,54783360030664; 21,37998478781957
21,61952077024678; 21,567931461341395
21,619025522095207; 21,459967364298556
21,61865408598153; 21,378994291516427
21,690588879997453; 21,62092301355967
21,69009363184588; 21,51295891651683
21,689660289713252; 21,418490331604346
21,761409365672343; 21,619932517256522
21,76091411752077; 21,511968420213684
21,76054268140709; 21,430995347431555
21,83247747542302; 21,672924069474796
21,831982227271446; 21,564959972431957
21,83154888513882; 21,470491387519473
21,90329796109791; 21,67193357317165
21,902802712946336; 21,56396947612881
21,902431276832658; 21,482996403346682
21,974366070848586; 21,724925125389927
21,973870822697013; 21,616961028347088
21,973437480564385; 21,522492443434604
22,045186556523475; 21,72393462908678
22,044691308371902; 21,615970532043942
22,044319872258225; 21,534997459261813
22,116007042198365; 21,722944132783635
22,115511794046792; 21,614980035740796
22,115140357933115; 21,534006962958667
22,192729235012827; 21,721871095121895
22,18620846768379; 21,58699851517694
22,168255722189283; 21,533264090731308
22,263797344763503; 21,774862647340168
22,257276577434464; 21,639990067395214
22,239323831939956; 21,58625564294958
22,32896374737461; 21,827936740917036
22,328468499223035; 21,719972643874197
22,328035157090408; 21,625504058961713
22,399784233049495; 21,826946244613893
22,39928898489792; 21,718982147571054
22,39891754878424; 21,638009074788926
22,47650642586396; 21,825873206952153
22,469985658534917; 21,6910006270072
22,45203291304041; 21,637266202561566
22,54167282847506; 21,87894730052902
22,541177580323488; 21,770983203486182
22,540806144209807; 21,690010130704053
22,618395021289526; 21,87787426286728
22,611874253960483; 21,743001682922326
22,593921508465975; 21,689267258476693
22,683561423900628; 21,930948356444148
22,683066175749055; 21,82298425940131
22,682694739635373; 21,74201118661918
22,76028361671509; 21,929875318782408
22,75376284938605; 21,795002738837457
22,73581010389154; 21,741268314391824
22,825450019326194; 21,98294941235928
22,82495477117462; 21,87498531531644
22,824459523023048; 21,7670212182736
22,896270505001084; 21,981958916056133
22,89577525684951; 21,873994819013294
22,89540382073583; 21,793021746231165
22,967090990675974; 21,980968419752987
22,9665957425244; 21,87300432271015
22,96622430641072; 21,79203124992802
23,03815910042665; 22,03395997197126
23,037663852275077; 21,92599587492842
23,03723051014245; 21,831527290015938
23,10897958610154; 22,032969475668114
23,108484337949967; 21,925005378625276
23,108112901836286; 21,844032305843147
23,185701778916002; 22,031896438006374
23,17918101158696; 21,897023858061424
23,16122826609245; 21,84328943361579
23,250868181527103; 22,084970531583245
23,25037293337553; 21,977006434540407
23,25000149726185; 21,896033361758278
23,321688667201997; 22,0839800352801
23,321193419050424; 21,97601593823726
23,320821982936742; 21,89504286545513
23,39275677695267; 22,136971587498373
23,392261528801097; 22,029007490455534
23,391828186668466; 21,93453890554305
23,463577262627563; 22,135981091195227
23,46308201447599; 22,028016994152388
23,46271057836231; 21,94704392137026
23,53439774830245; 22,134990594892084
23,533902500150877; 22,027026497849246
23,533531064037195; 21,946053425067117
23,605218233977336; 22,13400009858894
23,604722985825763; 22,0260360015461
23,60435154971208; 21,94506292876397
23,67603871965223; 22,133009602285792
23,675543471500657; 22,025045505242954
23,675110129368026; 21,93057692033047
23,746859205327116; 22,132019105982646
23,746363957175543; 22,024055008939808
23,74599252106186; 21,94308193615768
23,81767969100201; 22,1310286096795
23,817184442850436; 22,02306451263666
23,816751100717806; 21,928595927724178
23,888500176676896; 22,130038113376354
23,888004928525323; 22,022074016333516
23,88763349241164; 21,941100943551387
23,959568286427572; 22,18302966559463
23,959073038276; 22,075065568551793
23,958639696143376; 21,98059698363931
24,03038877210246; 22,182039169291485
24,029893523950886; 22,074075072248647
24,02952208783721; 21,993101999466518
24,101209257777352; 22,18104867298834
24,10071400962578; 22,0730845759455
24,100342573512105; 21,992111503163372
24,17202974345224; 22,180058176685193
24,171534495300666; 22,072094079642355
24,17116305918699; 21,991121006860226
24,242850229127125; 22,179067680382047
24,242354980975552; 22,07110358333921
24,241983544861878; 21,99013051055708
24,31391833887781; 22,232059232600324
24,313423090726236; 22,124095135557486
24,312927842574663; 22,016131038514647
24,390640531692274; 22,23098619493858
24,38411976436323; 22,09611361499363
24,36616701886872; 22,042379190547997
24,461708641442943; 22,283977747156857
24,455187874113907; 22,149105167211903
24,437235128619403; 22,09537074276627
24,526875044054048; 22,337051840733725
24,526379795902475; 22,229087743690886
24,525946453769844; 22,134619158778403
24,597943153804724; 22,390043392952
24,59744790565315; 22,28207929590916
24,59695265750158; 22,17411519886632
24,66876363947961; 22,389052896648852
24,668268391328038; 22,281088799606014
24,667773143176465; 22,173124702563175
24,739584125154504; 22,38806240034571
24,73908887700293; 22,28009830330287
24,73859362885136; 22,172134206260033
24,810156986753608; 22,333089855521145
24,809661738602035; 22,225125758478306
24,809290302488353; 22,144152685696177
24,8809774724285; 22,332099359218
24,88048222427693; 22,22413526217516
24,880110788163247; 22,14316218939303
24,95769966524296; 22,33102632155626
24,951178897913916; 22,196153741611305
24,93322615241941; 22,142419317165672
25,022866067854057; 22,384100415133126
25,022370819702484; 22,276136318090288
25,021999383588803; 22,19516324530816
25,09368655352895; 22,383109918829984
25,093191305377378; 22,275145821787145
25,092819869263696; 22,194172749005016
25,164507039203837; 22,382119422526838
25,164011791052264; 22,274155325484
25,163640354938583; 22,19318225270187
25,241229232018302; 22,381046384865098
25,234708464689266; 22,246173804920144
25,216755719194754; 22,19243938047451
25,306395634629407; 22,434120478441965
25,305900386477834; 22,326156381399127
25,305467044345203; 22,231687796486643
25,3772161203043; 22,43312998213882
25,376720872152728; 22,32516588509598
25,376349436039046; 22,24419281231385
25,448036605979187; 22,432139485835677
25,447541357827614; 22,32417538879284
25,447169921713932; 22,24320231601071
25,524758798793652; 22,431066448173933
25,51823803146461; 22,296193868228983
25,500285285970097; 22,24245944378335
25,58992520140475; 22,484140541750804
25,589429953253177; 22,376176444707966
25,589058517139495; 22,295203371925837
25,660745687079636; 22,48315004544766
25,660250438928063; 22,37518594840482
25,65987900281438; 22,29421287562269
25,7374678798941; 22,482077007785918
25,730947112565065; 22,347204427840964
25,712994367070554; 22,29347000339533
25,802634282505206; 22,535151101362786
25,802139034353633; 22,427187004319947
25,80176759823995; 22,346213931537818
25,873702392255883; 22,588142653581063
25,87320714410431; 22,480178556538224
25,872711895952737; 22,372214459495385
25,94452287793077; 22,587152157277917
25,944027629779196; 22,479188060235078
25,943656193665515; 22,39821498745295
26,015343363605663; 22,58616166097477
26,01484811545409; 22,478197563931932
26,014476679340408; 22,397224491149803
26,08616384928055; 22,585171164671625
26,085668601128976; 22,477207067628786
26,085297165015294; 22,396233994846657
26,156984334955443; 22,58418066836848
26,15648908680387; 22,47621657132564
26,156117650690188; 22,39524349854351
26,22780482063033; 22,583190172065336
26,227309572478756; 22,475226075022498
26,226938136365074; 22,39425300224037
26,298625306305222; 22,58219967576219
26,29813005815365; 22,47423557871935
26,297758622039968; 22,393262505937223
26,36944579198011; 22,581209179459044
26,368950543828536; 22,473245082416206
26,368579107714854; 22,392272009634077
26,440513901730785; 22,634200731677318
26,440018653579212; 22,52623663463448
26,43958531144658; 22,431768049721995
26,51133438740568; 22,63321023537417
26,510839139254106; 22,525246138331333
26,510467703140424; 22,444273065549204
26,582154873080565; 22,632219739071026
26,581659624928992; 22,524255642028187
26,58128818881531; 22,44328256924606
26,65297535875546; 22,631229242767883
26,652480110603886; 22,523265145725045
26,652108674490204; 22,442292072942916
26,723795844430345; 22,630238746464737
26,723300596278772; 22,5222746494219
26,72292916016509; 22,44130157663977
26,79461633010524; 22,62924825016159
26,794121081953666; 22,521284153118753
26,793749645839984; 22,440311080336624
26,871338522919697; 22,62817521249985
26,864817755590654; 22,493302632554897
26,84686501009615; 22,439568208109264
26,9365049255308; 22,68124930607672
26,93600967737923; 22,57328520903388
26,935638241265547; 22,49231213625175
27,007325411205688; 22,680258809773576
27,006830163054115; 22,572294712730738
27,006458726940433; 22,49132163994861
27,07814589688058; 22,67926831347043
27,07765064872901; 22,571304216427592
27,077279212615327; 22,490331143645463
27,148966382555468; 22,678277817167285
27,148471134403895; 22,570313720124446
27,148099698290213; 22,489340647342317
27,225936199445716; 22,731186828026964
27,219415432116673; 22,59631424808201
27,21898208998405; 22,501845663169526
27,29110260205682; 22,78426092160383
27,290607353905248; 22,676296824560993
27,290174011772624; 22,58182823964851
27,361923087731707; 22,783270425300685
27,361427839580134; 22,675306328257847
27,361056403466453; 22,594333255475718
27,4327435734066; 22,782279928997543
27,432248325255028; 22,674315831954704
27,431876889141346; 22,593342759172575
27,503564059081487; 22,781289432694397
27,503068810929914; 22,67332533565156
27,502697374816233; 22,59235226286943
27,57438454475638; 22,78029893639125
27,573889296604808; 22,672334839348412
27,573517860491126; 22,591361766566283
27,645205030431267; 22,779308440088105
27,644709782279694; 22,671344343045266
27,644338346166013; 22,590371270263137
27,71602551610616; 22,77831794378496
27,715530267954588; 22,67035384674212
27,715158831840906; 22,58938077395999
27,786846001781047; 22,777327447481817
27,786350753629474; 22,669363350438978
27,785979317515793; 22,58839027765685
27,857666487455933; 22,77633695117867
27,85717123930436; 22,668372854135832
27,85679980319068; 22,587399781353703
27,928486973130827; 22,775346454875525
27,927991724979254; 22,667382357832686
27,927620288865572; 22,586409285050557
27,999307458805713; 22,77435595857238
27,99881221065414; 22,66639186152954
27,99844077454046; 22,58541878874741
28,070127944480607; 22,773365462269233
28,069632696329034; 22,665401365226394
28,069261260215352; 22,584428292444265
28,146850137295072; 22,772292424607492
28,14032936996603; 22,63741984466254
28,122376624471517; 22,583685420216906
28,21201653990617; 22,825366518184367
28,211521291754597; 22,717402421141525
28,211149855640922; 22,636429348359396
28,282837025581056; 22,82437602188122
28,282341777429483; 22,71641192483838
28,28197034131581; 22,63543885205625
28,35390513533174; 22,877367574099495
28,353409887180167; 22,769403477056652
28,352976545047543; 22,67493489214417
28,430627328146205; 22,876294536437754
28,42410656081716; 22,741421956492797
28,40615381532265; 22,687687532047164
28,495793730757303; 22,929368630014622
28,49529848260573; 22,821404532971783
28,494927046492055; 22,74043146018965
28,56661421643219; 22,92837813371148
28,566118968280616; 22,82041403666864
28,565623720129043; 22,7124499396258
28,637310890069184; 22,900396613147624
28,63681564191761; 22,792432516104782
28,636320393766038; 22,684468419061943
28,707759939630396; 22,81843304406235
28,707264691478823; 22,710468947019507
28,7068313493462; 22,616000362107023
28,778580425305282; 22,817442547759203
28,77808517715371; 22,70947845071636
28,777589929002144; 22,601514353673522
28,855302618119754; 22,816369510097463
28,84878185079071; 22,681496930152505
28,830705293258315; 22,600771481446163
28,92637072787043; 22,869361062315736
28,919849960541388; 22,73448848237078
28,901773403008985; 22,653763033664436
28,99153713048153; 22,922435155892607
28,991041882329956; 22,81447105884977
28,990608540197332; 22,72000247393728
29,062605240232205; 22,97542670811088
29,062109992080632; 22,867462611068042
29,06161474392906; 22,7594985140252
29,133301913869207; 22,947445187547025
29,132806665717634; 22,839481090504187
29,132373323585004; 22,7450125055917
29,203998587506195; 22,91946366698317
29,203503339354622; 22,81149956994033
29,203131903240948; 22,7305264971582
29,27481907318109; 22,918473170680024
29,274323825029516; 22,810509073637185
29,27395238891584; 22,729536000855052
29,345639558855975; 22,91748267437688
29,345144310704402; 22,809518577334043
29,344772874590728; 22,72854550455191
29,41633623249297; 22,889501153813026
29,415840984341397; 22,781537056770183
29,415407642208773; 22,6870684718577
29,487032906129972; 22,86151963324917
29,4865376579784; 22,753555536206328
29,486166221864718; 22,6725824634242
29,563755098944437; 22,86044659558743
29,557234331615394; 22,725574015642472
29,539281586120882; 22,67183959119684
29,634823208695114; 22,913438147805703
29,62830244136607; 22,778565567860745
29,610349695871566; 22,724831143415113
29,69998961130621; 22,966512241382574
29,69949436315464; 22,858548144339736
29,699061021022015; 22,764079559427245
29,770810096981105; 22,96552174507943
29,770314848829532; 22,85755764803659
29,76994341271585; 22,776584575254457
29,84753228979557; 22,964448707417688
29,841011522466527; 22,829576127472734
29,823058776972015; 22,775841703027098
29,912698692406668; 23,017522800994556
29,912203444255095; 22,909558703951717
29,91183200814142; 22,828585631169588
29,983519178081554; 23,01653230469141
29,98302392992998; 22,90856820764857
29,982652493816307; 22,827595134866442
30,05433966375644; 23,015541808388264
30,053844415604868; 22,907577711345425
30,053472979491193; 22,826604638563296
30,131061856570913; 23,014468770726523
30,12454108924187; 22,879596190781573
30,106588343747365; 22,82586176633594
30,19610444714412; 23,040551840042685
30,195609198992546; 22,932587742999846
30,195175856859915; 22,838119158087363
30,266801120781114; 23,01257031947883
30,26630587262954; 22,90460622243599
30,265810624477968; 22,796642125393152
30,337373982380218; 22,957597774654264
30,336878734228645; 22,849633677611425
30,336507298114963; 22,768660604829293
30,414096175194683; 22,956524736992524
30,407575407865647; 22,82165215704757
30,389622662371135; 22,767917732601934
30,47926257780578; 23,009598830569395
30,478767329654207; 22,901634733526556
30,478395893540533; 22,820661660744427
30,550330687556464; 23,06259038278767
30,54983543940489; 22,95462628574483
30,549402097272267; 22,860157700832346
30,621398797307133; 23,11558193500594
30,62090354915556; 23,007617837963103
30,620408301003987; 22,899653740920265
30,6981209901216; 23,1145088973442
30,691600222792562; 22,979636317399248
30,67364747729805; 22,925901892953615
30,763287392732703; 23,16758299092107
30,76279214458113; 23,05961889387823
30,76242070846745; 22,9786458210961
30,83410787840759; 23,166592494617923
30,833612630256017; 23,058628397575085
30,833241194142335; 22,977655324792956
30,904928364082483; 23,16560199831478
30,90443311593091; 23,057637901271942
30,90406167981723; 22,976664828489813
30,97574884975737; 23,164611502011635
30,975253601605797; 23,056647404968796
30,974882165492115; 22,975674332186667
31,046569335432263; 23,16362100570849
31,04607408728069; 23,05565690866565
31,04570265116701; 22,97468383588352
31,11738982110715; 23,162630509405343
31,116894572955577; 23,054666412362504
31,116523136841895; 22,973693339580375
31,188457930857826; 23,215622061623616
31,187962682706253; 23,107657964580778
31,18752934057363; 23,013189379668294
31,259278416532712; 23,214631565320474
31,25878316838114; 23,106667468277635
31,258411732267465; 23,025694395495506
31,330346526283396; 23,267623117538747
31,329851278131823; 23,15965902049591
31,329417935999192; 23,065190435583425
31,40104319992039; 23,23964159697489
31,400547951768818; 23,131677499932053
31,400114609636187; 23,03720891501957
31,47173987355738; 23,211660076411036
31,471244625405806; 23,103695979368197
31,47087318929213; 23,02272290658607
31,542560359232272; 23,21066958010789
31,5420651110807; 23,10270548306505
31,541693674967025; 23,021732410282922
31,61338084490716; 23,209679083804744
31,612885596755586; 23,101714986761905
31,612452254622962; 23,00724640184942
31,68395370650627; 23,154706538980182
31,683458458354696; 23,046742441937344
31,683087022241015; 22,965769369155215
31,754774192181156; 23,153716042677036
31,754278944029583; 23,045751945634198
31,7539075079159; 22,96477887285207
31,82559467785605; 23,15272554637389
31,825099429704476; 23,04476144933105
31,824666087571845; 22,950292864418568
31,896167539455146; 23,097753001549325
31,895672291303573; 22,989788904506486
31,895300855189898; 22,908815831724358
31,96698802513004; 23,09676250524618
31,966492776978466; 22,98879840820334
31,96612134086479; 22,90782533542121
32,03780851080492; 23,095772008943037
32,037313262653356; 22,987807911900198
32,036941826539675; 22,90683483911807
32,114530703619394; 23,094698971281293
32,10800993629036; 22,959826391336343
32,09005719079585; 22,90609196689071
32,18559881337008; 23,14769052349957
32,17907804604103; 23,012817943554616
32,161125300546516; 22,959083519108983
32,25076521598116; 23,200764617076437
32,250269967829595; 23,0928005200336
32,24983662569697; 22,998331935121115
32,32158570165606; 23,19977412077329
32,32109045350448; 23,091810023730453
32,32065711137186; 22,99734143881797
32,39240618733095; 23,198783624470146
32,39191093917937; 23,090819527427307
32,3915395030657; 23,009846454645178
32,46912838014542; 23,197710586808405
32,46260761281637; 23,062838006863455
32,44465486732187; 23,009103582417822
32,53429478275652; 23,250784680385276
32,53379953460494; 23,142820583342438
32,53342809849126; 23,06184751056031
32,605115268431405; 23,24979418408213
32,60462002027984; 23,141830087039292
32,60424858416616; 23,060857014257163
32,676183378182074; 23,302785736300404
32,67568813003051; 23,194821639257565
32,675254787897885; 23,10035305434508
32,747003863856975; 23,301795239997258
32,746508615705395; 23,19383114295442
32,74613717959173; 23,11285807017229
32,82372605667143; 23,300722202335518
32,8172052893424; 23,165849622390567
32,799252543847885; 23,11211519794493
32,888768647244646; 23,32680527165168
32,88827339909308; 23,21884117460884
32,88784005696044; 23,124372589696357
32,959465320881634; 23,298823751087824
32,95897007273007; 23,190859654044985
32,95859863661639; 23,109886581262856
33,03028580655652; 23,297833254784678
33,029790558404954; 23,18986915774184
33,02941912229127; 23,10889608495971
33,10110629223142; 23,29684275848153
33,10061104407984; 23,188878661438693
33,100239607966174; 23,107905588656564
33,17217440198209; 23,349834310699805
33,171679153830524; 23,241870213656966
33,171183905678944; 23,133906116614128
33,24889659479656; 23,348761273038065
33,24237582746753; 23,213888693093114
33,224423081973015; 23,16015426864748
33,31996470454723; 23,401752825256338
33,313443937218196; 23,266880245311388
33,295491191723684; 23,213145820865755
33,385131107158344; 23,45482691883321
33,384635859006764; 23,34686282179037
33,38420251687414; 23,252394236877887
33,45595159283323; 23,453836422530063
33,45545634468165; 23,345872325487225
33,45508490856797; 23,264899252705096
33,52677207850812; 23,452845926226917
33,52627683035655; 23,34488182918408
33,52590539424287; 23,26390875640195
33,597592564183; 23,451855429923775
33,59709731603144; 23,343891332880936
33,596725879917756; 23,262918260098807
33,66841304985789; 23,45086493362063
33,667917801706324; 23,34290083657779
33,66754636559264; 23,26192776379566
33,73923353553279; 23,449874437317483
33,73873828738121; 23,341910340274644
33,73836685126753; 23,260937267492515
33,81030164528346; 23,502865989535756
33,80980639713188; 23,394901892492918
33,809373054999256; 23,300433307580434
33,881122130958346; 23,50187549323261
33,88062688280678; 23,393911396189772
33,8802554466931; 23,312938323407643
33,95194261663323; 23,500884996929464
33,951447368481666; 23,392920899886626
33,951075932367985; 23,311947827104497
34,02276310230813; 23,499894500626322
34,02226785415655; 23,391930403583483
34,02189641804287; 23,310957330801354
34,09358358798302; 23,498904004323176
34,09308833983144; 23,390939907280337
34,09271690371776; 23,30996683449821
34,164404073657906; 23,49791350802003
34,16390882550634; 23,38994941097719
34,163475483373716; 23,295480826064708
34,23510074729491; 23,469931987456174
34,23460549914333; 23,361967890413336
34,234172157010704; 23,267499305500852
34,30579742093191; 23,44195046689232
34,30530217278033; 23,33398636984948
34,30493073666665; 23,25301329706735
34,376617906606796; 23,440959970589176
34,376122658455216; 23,332995873546338
34,37568931632259; 23,238527288633854
34,44743839228168; 23,43996947428603
34,4469431441301; 23,332005377243192
34,44644789597854; 23,224041280200353
34,51825887795657; 23,438978977982885
34,517763629805; 23,331014880940046
34,517330287672365; 23,236546296027562
34,58932698770724; 23,491970530201158
34,58883173955567; 23,38400643315832
34,58839839742305; 23,289537848245836
34,66039509745792; 23,54496208241943
34,659899849306356; 23,436997985376593
34,659404601154776; 23,329033888333754
34,73121558313281; 23,543971586116285
34,73072033498124; 23,436007489073447
34,73034889886756; 23,355034416291318
34,80203606880771; 23,542981089813143
34,80154082065613; 23,435016992770304
34,80116938454245; 23,354043919988175
34,87875826162217; 23,541908052151403
34,87223749429312; 23,40703547220645
34,85428474879862; 23,353301047760816
34,943924664233265; 23,59498214572827
34,9434294160817; 23,48701804868543
34,94305797996802; 23,406044975903303
35,01474514990815; 23,593991649425124
35,014249901756585; 23,486027552382286
35,01381655962396; 23,391558967469802
35,08544182354515; 23,56601012886127
35,08494657539359; 23,45804603181843
35,08445132724201; 23,35008193477559
35,156138497182155; 23,538028608297417
35,155643249030575; 23,430064511254578
35,15514800087901; 23,32210041421174
35,22695898285704; 23,53703811199427
35,22646373470546; 23,429074014951432
35,22609229859178; 23,348100942169303
35,29777946853193; 23,536047615691125
35,29728422038036; 23,428083518648286
35,29691278426668; 23,347110445866157
35,368599954206815; 23,53505711938798
35,36810470605525; 23,42709302234514
35,36773326994157; 23,34611994956301
35,439420439881715; 23,534066623084833
35,438925191730135; 23,426102526041994
35,438553755616454; 23,345129453259865
35,51614263269617; 23,532993585423092
35,50962186536712; 23,39812100547814
35,491669119872626; 23,344386581032506
35,58130903530727; 23,586067678999964
35,580813787155705; 23,478103581957125
35,58038044502308; 23,38363499704464
35,65212952098216; 23,585077182696818
35,65163427283059; 23,47711308565398
35,65126283671691; 23,39614001287185
35,72295000665706; 23,584086686393672
35,72245475850548; 23,476122589350833
35,722083322391796; 23,395149516568704
35,793770492331944; 23,583096190090526
35,793275244180364; 23,475132093047687
35,79290380806668; 23,39415902026556
35,86459097800683; 23,58210569378738
35,86409572985525; 23,47414159674454
35,86372429374157; 23,393168523962412
35,93541146368172; 23,581115197484237
35,93491621553015; 23,4731511004414
35,93454477941647; 23,39217802765927
36,01213365649619; 23,580042159822494
36,00561288916714; 23,445169579877543
35,98766014367263; 23,39143515543191
36,07730005910729; 23,633116253399365
36,07680481095572; 23,525152156356526
36,07637146882308; 23,430683571444042
36,148120544782174; 23,63212575709622
36,14762529663061; 23,52416166005338
36,147253860516926; 23,44318858727125
36,218941030457074; 23,631135260793073
36,218445782305494; 23,523171163750234
36,21807434619181; 23,442198090968105
36,28976151613196; 23,630144764489927
36,28926626798038; 23,52218066744709
36,2888948318667; 23,44120759466496
36,36648370894642; 23,629071726828187
36,35996294161738; 23,494199146883236
36,34201019612287; 23,440464722437603
36,431650111557516; 23,682145820405058
36,43115486340595; 23,57418172336222
36,43078342729227; 23,49320865058009
36,50247059723242; 23,681155324101912
36,50197534908084; 23,573191227059073
36,501603912967155; 23,492218154276944
36,5732910829073; 23,680164827798766
36,57279583475572; 23,572200730755927
36,57242439864204; 23,4912276579738
36,64411156858219; 23,67917433149562
36,64361632043061; 23,57121023445278
36,64324488431693; 23,490237161670652
36,72083376139666; 23,67810129383388
36,71431299406761; 23,54322871388893
36,6963602485731; 23,489494289443297
36,78600016400776; 23,73117538741075
36,78550491585618; 23,623211290367912
36,7851334797425; 23,542238217585783
36,85669683764475; 23,703193866846895
36,85620158949318; 23,595229769804057
36,85576824736056; 23,500761184891573
36,92739351128175; 23,67521234628304
36,92689826313017; 23,5672482492402
36,92652682701649; 23,486275176458072
36,998213996956636; 23,674221849979894
36,99771874880507; 23,566257752937055
36,99734731269139; 23,485284680154926
37,06903448263152; 23,67323135367675
37,06853923447996; 23,565267256633913
37,068167798366275; 23,484294183851784
37,145756675445995; 23,672158316015008
37,13923590811696; 23,537285736070057
37,12128316262243; 23,483551311624424
37,21092307805709; 23,72523240959188
37,21042782990553; 23,61726831254904
37,210056393791845; 23,53629523976691
37,28174356373198; 23,724241913288733
37,28124831558041; 23,616277816245894
37,28087687946673; 23,535304743463765
37,35281167348266; 23,777233465507006
37,35231642533108; 23,669269368464168
37,35188308319846; 23,574800783551684
37,42363215915755; 23,77624296920386
37,42313691100597; 23,66827887216102
37,42276547489229; 23,587305799378893
37,47674752341372; 23,775500096976504
37,47625227526214; 23,667535999933666
37,47588083914846; 23,586562927151537
