1,1943726910494608; 0,12442937047280367
1,2474880553056291; 0,12368649824544775
1,4776546337490188; 0,12046738526021983
1,5484751194239088; 0,11947688895707387
1,619419417136692; 0,14547741691464466
1,690239902811582; 0,1444869206114987
1,7613080125622584; 0,19747847282977204
1,7609365764485787; 0,11650540004764309
1,8323761223129331; 0,2504700250480454
1,8318808741613601; 0,14250592800520678
1,8741833204415244; 0,3578563325807167
1,9029489839120366; 0,19549748022348012
1,9025775477983569; 0,11452440744135117
1,9457466783437738; 0,5188119818418286
1,9392259110147325; 0,3839394018968747
1,9387306628631613; 0,2759753048540361
1,9559405361303117; 0,16776358373541456
2,011408329106448; 0,6798501724615349
2,010913080954875; 0,5718860754186963
2,010417832803302; 0,4639219783758577
2,0099225846517292; 0,3559578813330191
1,9917222150814347; 0,24824140836597053
2,053215527235041; 0,7872364799942133
2,0819811907055517; 0,6248776276369696
2,0814859425539787; 0,516913530594131
2,0632855729836823; 0,40919705762708247
2,124778885137289; 0,9481921292553253
2,1182581178082494; 0,8133195493103713
2,1177628696566764; 0,7053554522675256
2,1550302930625183; 1,1097255680266045
2,1348489308859318; 0,5701527068881944
2,1968374911911095; 1,2171118755592758
2,1958469948879635; 1,0011836814735986
2,189326227558924; 0,8663111015286447
2,188892885426297; 0,7718425166161609
2,1707544218749497; 0,67762155577946
2,232990606255914; 1,3785627729719607
2,2691437213207166; 1,5400136703846456
2,2676579768659995; 1,2161213792561298
2,261137209536958; 1,081248799311176
2,2607038674043327; 0,9867802143986921
2,2425654038529856; 0,8925592535619984
2,305296836385521; 1,7014645677973306
2,303811091930804; 1,3775722766688148
2,3355482443107505; 1,862998006568617
2,3340624998560315; 1,539105715440101
2,3325767554013144; 1,2152134243115853
2,31437638583102; 1,1074969513445296
2,3719489834513414; 2,078430952502721
2,3714537352997684; 1,9704668554598825
2,3704632389966225; 1,7545386613742053
2,3699679908450495; 1,6465745643313667
2,3689774945419053; 1,4306463702456895
2,368544152409278; 1,3361777853332057
2,4142514297315056; 2,293781357078224
2,4077306624024644; 2,158908777133277
2,4122704371252155; 1,8619249689068695
2,4108259633497955; 1,5470296858652546
2,444998085808308; 2,563278892892349
2,444502837656735; 2,4553147958495103
2,442521845050445; 2,023458407678156
2,4410980066146735; 1,713061628679995
2,481398824948897; 2,778711838826453
2,480903576797326; 2,6707477417836145
2,479417832342607; 2,3468554506550987
2,478922584191034; 2,23889135361226
2,478427336039461; 2,1309272565694215
2,477436839736317; 1,9149990624837443
2,4592364701660205; 1,8072825895166886
2,5237012712290614; 2,994062243401963
2,517180503900022; 2,859189663457009
2,5217202786227713; 2,5622058552306086
2,5151995112937318; 2,4273332752856547
2,513466142763228; 2,0494589356357196
2,554447927305864; 3,263559779216081
2,553952679154291; 3,1555956821732423
2,551971686547999; 2,723739294001888
2,5500525999606563; 2,3053784179608883
2,531790324371414; 2,184166432863478
2,597245621737601; 3,5868742808344294
2,5907248544085597; 3,4520017008894754
2,5902296062569867; 3,344037603846637
2,594769380979738; 3,0470537956202364
2,5882486136506966; 2,9121812156752824
2,5877533654991236; 2,804217118632444
2,5927883883734477; 2,615197407448882
2,568686311663578; 2,5075634758404206
2,568191063512005; 2,399599378797582
2,6279922778144034; 3,8563718166485472
2,6274970296628304; 3,7484077196057086
2,6250207889049673; 3,2085872343915156
2,6707899722461406; 4,179686318266896
2,6642692049170993; 4,044813738321942
2,6637739567655263; 3,936849641279103
2,6683137314882774; 3,6398658330527027
2,661792964159236; 3,504993253107749
2,661297716007663; 3,39702915606491
2,660802467856092; 3,2890650590220716
2,6658374907304143; 3,1000453478385097
2,6417354140205447; 2,9924114162300484
2,6412401658689717; 2,8844473191872098
2,6407449177173987; 2,776483222144371
2,701536628322943; 4,449183854081014
2,70104138017137; 4,341219757038175
2,698565139413507; 3,801399271823982
2,738432615615105; 4,772580897057956
2,737937367463532; 4,664616800015118
2,737442119311959; 4,556652702972279
2,735956374857242; 4,232760411843763
2,735461126705669; 4,124796314800925
2,734965878554096; 4,016832217758086
2,734470630402523; 3,9088681207152476
2,733480134099379; 3,6929399266295704
2,732984885947806; 3,5849758295867318
2,7147845163775113; 3,477259356619676
2,7142892682259383; 3,3692952595768375
2,7139178321122603; 3,2883221867947086
2,7812303100468423; 5,095895398676305
2,774709542717803; 4,961022818731351
2,77421429456623; 4,853058721688512
2,778258821137408; 4,448110816419273
2,7717380538083667; 4,313238236474319
2,7516805036696734; 3,800656399596626
2,8119769661236447; 5,365392934490423
2,8114817179720717; 5,257428837447584
2,8090054772142086; 4,717608352233391
2,8085102290626356; 4,6096442551905525
2,8065292364563454; 4,177787867019198
2,788328866886049; 4,07007139405215
2,787833618734476; 3,962107297009311
2,7874621826207964; 3,881134224227182
2,854774660555382; 5,688707436108771
2,8482538932263424; 5,553834856163817
2,8477586450747694; 5,445870759120979
2,8522984197975187; 5,148886950894578
2,8457776524684792; 5,014014370949624
2,8452824043169063; 4,906050273906786
2,8447871561653333; 4,798086176863947
2,8493682015673816; 4,5100993767244475
2,825224854178213; 4,393468437029092
2,82472960602664; 4,285504339986254
2,8855213166321843; 5,958204971922889
2,8850260684806113; 5,8502408748800505
2,882549827722748; 5,3104203896658575
2,8618732173945887; 4,662883431484616
2,9283190110639197; 6,281519473541238
2,92179824373488; 6,146646893596284
2,921302995583307; 6,038682796553445
2,9258427703060566; 5,741698988327045
2,919322002977017; 5,606826408382091
2,918826754825444; 5,498862311339252
2,918331506673871; 5,3908982142964135
2,9233665295481934; 5,201878503112852
2,9169076682380997; 5,0805014352982525
2,8987692046867526; 4,986280474461559
2,8982739565351796; 4,87831637741872
2,8977787083836066; 4,7703522803758815
2,959560915292295; 6,658981106398194
2,959065667140722; 6,5510170093553555
2,958570418989149; 6,443052912312517
2,956094178231286; 5,903232427098324
3,0023586097240322; 6,982295608016543
2,995837842394991; 6,847423028071589
2,9953425942434198; 6,73945893102875
2,999387120814596; 6,334511025759511
2,9928663534855566; 6,199638445814557
2,9923711053339836; 6,091674348771718
2,9918758571824107; 5,98371025172888
2,996910880056733; 5,794690540545318
2,9904520187466392; 5,673313472730719
2,972313555195292; 5,579092511894025
2,971818307043719; 5,4711284148511865
2,971323058892146; 5,363164317808348
3,0336005139524076; 7,359757240873499
3,0331052658008346; 7,25179314383066
3,0326100176492616; 7,143829046787822
3,0301337768913985; 6,604008561573629
3,0296385287398255; 6,49604446453079
3,076398208384145; 7,683071742491855
3,0698774410551035; 7,548199162546894
3,0693821929035305; 7,440235065504055
3,0734267194747087; 7,035287160234816
3,0669059521456674; 6,900414580289862
3,066410703994096; 6,792450483247023
3,0659154558425232; 6,684486386204185
3,0704552305652726; 6,387502577977784
3,063996369255179; 6,266125510163185
3,0458579057038317; 6,1719045493264915
3,0453626575522588; 6,063940452283653
3,044867409400686; 5,955976355240814
3,1076401126125184; 8,060533375348811
3,107144864460947; 7,9525692783059725
3,106649616309374; 7,844605181263134
3,104173375551511; 7,304784696048934
3,103678127399938; 7,196820599006095
3,0830015170717804; 6,549283640824854
3,1504378070442574; 8,38384787696716
3,143917039715216; 8,248975297022213
3,143421791563643; 8,141011199979374
3,1474663181348213; 7,736063294710128
3,14094555080578; 7,601190714765174
3,140450302654207; 7,4932266177223354
3,139955054502636; 7,385262520679497
3,144494829225385; 7,088278712453089
3,1380359679152914; 6,966901644638497
3,1198975043639408; 6,872680683801796
3,1194022562123696; 6,764716586758958
3,1189070080607966; 6,656752489716119
3,181679711272631; 8,761309509824123
3,181184463121058; 8,653345412781285
3,1806892149694868; 8,545381315738446
3,178212974211622; 8,005560830524253
3,1777177260600507; 7,897596733481414
3,157041115731891; 7,2500597753001585
3,22447740570437; 9,084624011442465
3,2179566383753286; 8,949751431497518
3,2174613902237557; 8,84178733445468
3,221505916794934; 8,436839429185433
3,2149851494658925; 8,301966849240486
3,2144899013143196; 8,194002752197648
3,2139946531627466; 8,086038655154809
3,2185344278854977; 7,789054846928401
3,1944323511756263; 7,681420915319947
3,1939371030240533; 7,573456818277101
3,1934418548724803; 7,465492721234263
3,192946606720909; 7,357528624191424
3,2557193099327435; 9,462085644299428
3,2552240617811705; 9,35412154725659
3,2547288136295975; 9,246157450213751
3,2522525728717344; 8,706336964999558
3,251757324720163; 8,59837286795672
3,2310807143920037; 7,950835909775471
3,298517004364479; 9,785400145917777
3,291996237035441; 9,650527565972823
3,291500988883868; 9,542563468929984
3,2955455154550446; 9,137615563660745
3,289024748126005; 9,002742983715791
3,288529499974432; 8,894778886672952
3,288034251822859; 8,786814789630114
3,2925740265456085; 8,489830981403713
3,268471949835739; 8,382197049795252
3,267976701684166; 8,274232952752413
3,267481453532593; 8,166268855709575
3,26698620538102; 8,058304758666736
3,3297589085928543; 10,162861778774733
3,3292636604412813; 10,054897681731894
3,3287684122897083; 9,946933584689056
3,326292171531845; 9,407113099474863
3,325796923380272; 9,299149002432024
3,3051203130521145; 8,651612044250776
3,3725566030245915; 10,486176280393082
3,366035835695552; 10,351303700448128
3,365540587543979; 10,243339603405289
3,3695851141151554; 9,83839169813605
3,363064346786116; 9,703519118191096
3,362569098634543; 9,595555021148257
3,36207385048297; 9,487590924105419
3,3666136252057193; 9,190607115879018
3,3425115484958514; 9,082973184270557
3,3420163003442784; 8,975009087227718
3,3415210521927055; 8,86704499018488
3,3410258040411325; 8,759080893142041
3,409700214392542; 10,863555371891444
3,4031794470635006; 10,72868279194649
3,4026841989119276; 10,620718694903651
3,406233477331533; 10,107806692591573
3,3997127100024915; 9,97293411264662
3,379159911712227; 9,35238817872608
3,4409421186209155; 11,2410170047484
3,4404468704693425; 11,133052907705562
3,4399516223177695; 11,025088810662723
3,4374753815599064; 10,48526832544853
3,4369801334083334; 10,377304228405691
3,436484885256762; 10,269340131362853
3,4345038926504703; 9,837483743191498
3,4163035230801775; 9,729767270224443
3,4158082749286045; 9,621803173181604
3,4153130267770315; 9,513839076138765
3,414941590663352; 9,432866003356636
3,4837398130526527; 11,564331506366749
3,477219045723613; 11,429458926421795
3,47672379757204; 11,321494829378956
3,4807683241432184; 10,916546924109717
3,474247556814177; 10,781674344164763
3,473752308662604; 10,673710247121925
3,473257060511031; 10,565746150079086
3,4773428577615064; 10,169795252896748
3,4531995103723396; 10,053164313201385
3,4527042622207667; 9,945200216158547
3,514981717281028; 11,941793139223705
3,514486469129455; 11,833829042180867
3,513991220977882; 11,725864945138028
3,511514980220019; 11,186044459923835
3,511019732068446; 11,078080362880996
3,4903431217402865; 10,430543404699748
3,4898478735887153; 10,322579307656909
3,5577794117127652; 12,265107640842054
3,5512586443837257; 12,1302350608971
3,5507633962321528; 12,022270963854261
3,554807922803329; 11,617323058585022
3,5482871554742896; 11,482450478640068
3,5477919073227167; 11,37448638159723
3,5472966591711437; 11,26652228455439
3,551836433893893; 10,96953847632799
3,5453775725837993; 10,848161408513391
3,5272391090324504; 10,75394044767669
3,5267438608808774; 10,645976350633852
3,5262486127293045; 10,538012253591013
3,5890213159411406; 12,64256927369901
3,5885260677895676; 12,534605176656171
3,5880308196379946; 12,426641079613333
3,5855545788801315; 11,88682059439914
3,5850593307285585; 11,778856497356301
3,564382720400399; 11,13131953917506
3,631819010372876; 12,965883775317359
3,6252982430438365; 12,831011195372405
3,6248029948922635; 12,723047098329566
3,62884752146344; 12,318099193060327
3,6223267541344004; 12,183226613115373
3,621831505982829; 12,075262516072534
3,6213362578312562; 11,967298419029696
3,625876032554004; 11,670314610803295
3,619417171243912; 11,548937542988696
3,601278707692563; 11,454716582152003
3,60078345954099; 11,346752485109164
3,600288211389417; 11,238788388066325
3,6630609146012514; 13,343345408174315
3,66256566644968; 13,235381311131476
3,662070418298107; 13,127417214088638
3,659594177540244; 12,587596728874445
3,659098929388671; 12,479632631831606
3,6384223190605116; 11,832095673650365
3,7058586090329886; 13,666659909792664
3,6993378417039473; 13,53178732984771
3,6988425935523743; 13,423823232804871
3,7028871201235525; 13,018875327535632
3,696366352794511; 12,884002747590678
3,695871104642938; 12,77603865054784
3,695375856491367; 12,668074553505
3,6999156312141164; 12,3710907452786
3,6934567699040226; 12,249713677464001
3,6753183063526738; 12,155492716627307
3,6748230582011026; 12,047528619584469
3,6743278100495296; 11,93956452254163
3,737100513261362; 14,04412154264962
3,736605265109789; 13,936157445606781
3,736110016958218; 13,828193348563943
3,733633776200355; 13,28837286334975
3,733138528048782; 13,180408766306911
3,712461917720624; 12,53287180812567
3,779898207693101; 14,367436044267968
3,77337744036406; 14,232563464323015
3,772882192212487; 14,124599367280176
3,776926718783665; 13,719651462010937
3,7704059514546238; 13,584778882065983
3,769910703303051; 13,476814785023144
3,769415455151478; 13,368850687980306
3,773955229874229; 13,071866879753905
3,767496368564135; 12,950489811939306
3,7493579050127863; 12,856268851102612
3,7488626568612133; 12,748304754059774
3,748367408709642; 12,640340657016935
3,8111401119214747; 14,744897677124932
3,8106448637699017; 14,636933580082093
3,8101496156183288; 14,528969483039248
3,8076733748604656; 13,989148997825055
3,8071781267088944; 13,881184900782216
3,7865015163807367; 13,233647942600975
3,8480360992136386; 15,068294720101875
3,8475408510620657; 14,960330623059036
3,8470456029104927; 14,852366526016198
3,8450646103042025; 14,420510137844836
3,8445693621526296; 14,312546040801998
3,8440741140010566; 14,204581943759159
3,8435788658494836; 14,09661784671632
3,8420931213947664; 13,772725555587805
3,8415978732431935; 13,664761458544966
3,823397503672899; 13,557044985577917
3,822902255521326; 13,449080888535079
3,822407007369753; 13,34111679149224
3,890833793645376; 15,391609221720223
3,8843130263163346; 15,25673664177527
3,8838177781647616; 15,14877254473243
3,8878623047359397; 14,743824639463192
3,8813415374068985; 14,608952059518238
3,8808462892553255; 14,500987962475392
3,878617672573249; 14,015149525782618
3,860293490965061; 13,88044202855486
3,9274821568617533; 15,661024216175747
3,920961389532712; 15,526151636230793
3,924510667952317; 15,013239633918715
3,917989900623276; 14,878367053973761
3,9157612839411993; 14,39252861728098
3,8974371023330097; 14,257821120053222
3,8969418541814367; 14,149857023010384
3,964130520078129; 15,93043921063127
3,9576097527490877; 15,795566630686324
3,961654279320266; 15,390618725417077
3,9551335119912245; 15,25574614547213
3,9546382638396516; 15,147782048429292
3,958724061090127; 14,751831151246947
3,9345807137009583; 14,635200211551592
3,9340854655493853; 14,527236114508746
4,000778883294506; 16,199854205086794
3,994258115965465; 16,064981625141847
3,9983026425366432; 15,660033719872601
3,991781875207602; 15,525161139927654
3,9717243250689087; 15,012579303049954
3,9712290769173357; 14,904615206007115
4,03742724651088; 16,469269199542317
4,030906479181841; 16,33439661959737
4,034951005753017; 15,929448714328124
4,028430238423978; 15,794576134383178
4,032516035674451; 15,398625237200832
4,008372688285284; 15,281994297505477
4,007877440133711; 15,174030200462639
4,007506004020032; 15,09305712768051
4,074075609727258; 16,73868419399784
4,067554842398216; 16,603811614052894
4,071599368969395; 16,198863708783648
4,065078601640353; 16,0639911288387
4,069164398890829; 15,668040231656356
4,045021051501662; 15,551409291961
4,110723972943633; 17,00809918845337
4,104203205614592; 16,873226608508418
4,10824773218577; 16,46827870323918
4,101726964856729; 16,333406123294225
4,105812762107204; 15,937455226111886
4,0816694147180375; 15,820824286416524
4,147372336160011; 17,277514182908895
4,1408515688309695; 17,14264160296394
4,144896095402148; 16,737693697694702
4,138375328073106; 16,60282111774975
4,142461125323582; 16,20687022056741
4,118317777934415; 16,090239280872048
4,184020699376386; 17,54692917736442
4,177499932047347; 17,412056597419465
4,181544458618523; 17,007108692150226
4,175023691289482; 16,87223611220527
4,179109488539957; 16,476285215022934
4,1549661411507905; 16,35965427532757
4,220669062592764; 17,816344171819942
4,214148295263723; 17,68147159187499
4,218192821834901; 17,27652368660575
4,2116720545058595; 17,141651106660795
4,215757851756335; 16,745700209478457
4,191614504367168; 16,629069269783095
4,2573174258091395; 18,085759166275466
4,2507966584801; 17,950886586330512
4,254841185051276; 17,545938681061273
4,248320417722237; 17,41106610111632
4,252406214972712; 17,01511520393398
4,228262867583544; 16,89848426423862
4,293965789025517; 18,35517416073099
4,287445021696476; 18,220301580786035
4,291489548267654; 17,815353675516796
4,2849687809386126; 17,680481095571842
4,289054578189088; 17,284530198389504
4,264911230799919; 17,167899258694142
4,330614152241893; 18,624589155186513
4,324093384912853; 18,48971657524156
4,3281379114840295; 18,08476866997232
4,32161714415499; 17,949896090027366
4,325702941405465; 17,553945192845028
4,301559594016295; 17,437314253149665
4,361360808318695; 18,89408669100063
4,360865560167122; 18,786122593957792
4,358884567560832; 18,354266205786438
4,358389319409259; 18,2463021087436
4,356408326802969; 17,814445720572245
4,338207957232672; 17,70672924760519
4,403663254598859; 19,10943709557614
4,39714248726982; 18,974564515631187
4,401682261992567; 18,677580707404786
4,39516149466353; 18,542708127459832
4,394666246511957; 18,434744030416994
4,399206021234704; 18,137760222190593
4,3751039445248345; 18,03012629058214
4,374608696373263; 17,9221621935393
4,440311617815235; 19,378852090031664
4,433790850486194; 19,24397951008671
4,437835377057372; 18,83903160481747
4,429581241197827; 18,326284685222582
4,470563025740464; 19,540385528802943
4,468582033134174; 19,10852914063159
4,468086784982601; 19,00056504358875
4,466601040527882; 18,676672752460235
4,466167698395257; 18,58220416754775
4,447905422806016; 18,460992182450347
4,51286547202063; 19,755735933378453
4,506344704691589; 19,6208633534335
4,511379727565911; 19,431843642249937
4,50485896023687; 19,296971062304983
4,504363712085299; 19,189006965262145
4,508944757487345; 18,901020165122645
4,484801410098179; 18,78438922542729
4,543116879945858; 19,917269372149732
4,521449773314556; 19,053804219882814
4,585419326226024; 20,132619776725242
4,578898558896983; 19,99774719678029
4,583933581771305; 19,808727485596727
4,577412814442265; 19,673854905651773
4,5769175662906925; 19,565890808608934
4,5764223181391195; 19,457926711566095
4,575988976006494; 19,36345812665361
4,557850512455145; 19,269237165816918
4,557355264303574; 19,16127306877408
4,615670734151253; 20,29415321549652
4,6579731804314175; 20,50950362007203
4,651452413102376; 20,374631040127078
4,6564874359767; 20,185611328943516
4,649966668647659; 20,050738748998562
4,649471420496086; 19,942774651955723
4,648976172344513; 19,834810554912885
4,648542830211888; 19,7403419700004
4,630404366660539; 19,646121009163707
4,630032930546859; 19,565147936381578
4,694126295496222; 20,670954517484724
4,724377703421451; 20,832487956256003
4,722891958966732; 20,50859566512748
4,722396710815159; 20,40063156808464
4,721901462663588; 20,292667471041803
4,721406214512015; 20,184703373998964
4,720972872379388; 20,09023478908648
4,702710596790146; 19,969022803989077
4,7607784425620405; 21,047920902190107
4,760283194410469; 20,93995680514727
4,759292698107323; 20,72402861106159
4,75879744995575; 20,616064514018753
4,802585640690632; 21,15530720972278
4,801099896235915; 20,831414918594263
4,799655422460495; 20,51651963555264
4,775512075071326; 20,399888695857285
4,775140638957648; 20,318915623075156
4,838738755755436; 21,316758107135463
4,837253011300717; 20,992865816006947
4,835808537525297; 20,677970532965332
4,868990163680666; 21,478291545906742
4,867504419225947; 21,154399254778227
4,866080580790175; 20,844002475780066
4,910797361809257; 21,585677853439414
4,909806865506113; 21,369749659353737
4,903286098177071; 21,234877079408783
4,908362391730693; 21,05485437631212
4,884219044341526; 20,938223436616763
4,941048769734486; 21,747211292210697
4,982855967863079; 21,854597599743364
4,981865471559933; 21,638669405657687
4,975344704230894; 21,503796825712737
4,974849456079321; 21,395832728669898
4,974416113946694; 21,301364143757414
4,9562776503953465; 21,207143182920717
5,019009082927884; 22,01604849715605
5,049260490853111; 22,177581935927332
5,047774746398394; 21,853689644798816
5,047279498246821; 21,745725547755978
5,046784250095248; 21,63776145071314
5,028583880524954; 21,530044977746087
5,028212444411274; 21,449071904963958
5,091067688981704; 22,284968243460003
5,09007719267856; 22,069040049374326
5,083556425349519; 21,934167469429372
5,121319096906934; 22,446501682231283
5,100642486578774; 21,798964724050037
5,1002710504650945; 21,71799165126791
5,157224587895952; 22,55397053112255
5,156234091592806; 22,33804233703687
5,155738843441233; 22,230078239994032
5,155243595289662; 22,122114142951194
5,154748347138089; 22,014150045908355
5,136547977567792; 21,906433572941303
5,199031786024543; 22,66135683865522
5,198041289721397; 22,445428644569542
5,226868859210855; 22,29656530434266
5,208606583621613; 22,175353319245254
5,270595143926791; 22,82231248791633
5,264074376597751; 22,687439907971378
5,263579128446178; 22,57947581092854
5,263083880294605; 22,4715117138857
5,245007322762204; 22,390786265179358
5,34215850182904; 22,983268137177443
5,335637734499999; 22,848395557232493
5,335142486348426; 22,740431460189654
5,3347091442158; 22,64596287527717
5,316570680664453; 22,55174191444047
5,407572528515928; 23,090324279275734
5,407077280364355; 22,982360182232895
5,406582032212782; 22,874396085190057
5,4061486900801565; 22,779927500277573
5,388010226528808; 22,685706539440876
5,449379726644521; 23,197710586808405
5,478145390115031; 23,03535173445117
5,477712047982406; 22,940883149538685
5,459573584431055; 22,846662188701988
5,520943084546767; 23,35866623606952
5,514422317217729; 23,223793656124567
5,513927069066156; 23,115829559081725
5,54896587578992; 23,034361238148023
5,59225881837323; 23,465639836809213
5,5857380510441885; 23,33076725686426
5,585242802892617; 23,22280315982142
5,567166245360216; 23,14207771111508
5,657672845060118; 23,5726959789075
5,657177596908545; 23,46473188186466
5,656682348756972; 23,356767784821823
5,656249006624346; 23,26229919990934
5,699480043188711; 23,68008228644017
5,734147413798796; 23,51764089272434
5,710045337088927; 23,410006961115883
5,770795777015174; 23,787055887179864
5,764275009686132; 23,652183307234914
5,799190004372004; 23,543723962040502
5,842111510841637; 23,894029487919557
5,835590743512595; 23,759156907974607
5,835095495361022; 23,651192810931768
5,913427244668096; 24,001003088659253
5,9069064773390565; 23,8661305087143
5,906473135206429; 23,771661923801815
5,888458483692975; 23,704431987225828
5,978841271354984; 24,10805923075754
5,978346023203411; 24,0000951337147
5,977850775051838; 23,892131036671863
5,959774217519438; 23,81140558796552
6,04990938110566; 24,161050782975813
6,049414132954087; 24,053086685932975
6,048918884802514; 23,945122588890136
6,126879197995912; 24,213959793835492
6,120358430666871; 24,079087213890542
6,1022818731344675; 23,998361765184196
6,197947307746588; 24,266951346053766
6,191426540417547; 24,132078766108815
6,173349982885144; 24,051353317402473
6,263361334433474; 24,374007488152056
6,2628660862819014; 24,266043391109218
6,2623708381303285; 24,15807929406638
6,244294280597927; 24,077353845360037
6,340331151323726; 24,426916499011735
6,333810383994685; 24,29204391906678
6,333377041862057; 24,197575334154298
6,411646885150187; 24,533890099751428
6,405126117821148; 24,399017519806474
6,40469277568852; 24,30454893489399
6,3866781241750665; 24,237318998318003
6,482714994900864; 24,5868816519697
6,476194227571824; 24,452009072024747
6,458117670039421; 24,371283623318405
6,5481290215877515; 24,693937794067992
6,5476337734361785; 24,585973697025153
6,5471385252846055; 24,478009599982315
6,529061967752204; 24,397284151275972
6,619197131338428; 24,746929346286265
6,618701883186855; 24,638965249243427
6,618206635035282; 24,531001152200588
6,695919324152891; 24,745856308624525
6,68939855682385; 24,61098372867957
6,671445811329342; 24,557249304233938
6,766987433903568; 24,7988478608428
6,760466666574526; 24,663975280897844
6,742513921080018; 24,61024085645221
6,838055543654244; 24,85183941306107
6,831534776325203; 24,716966833116118
6,813582030830693; 24,663232408670485
6,9091236534049205; 24,904830965279345
6,902602886075879; 24,769958385334395
6,884526328543476; 24,689232936628052
6,980191763155595; 24,95782251749762
6,973670995826556; 24,822949937552668
6,955594438294153; 24,742224488846325
7,045358165766697; 25,01089661107449
7,044862917615124; 24,90293251403165
7,044429575482496; 24,808463929119167
7,116426275517373; 25,063888163292763
7,1159310273658; 24,955924066249924
7,115497685233173; 24,86145548133744
7,193148468331838; 25,062815125631023
7,186627701002797; 24,92794254568607
7,168674955508289; 24,874208121240436
7,258314870942936; 25,11588921920789
7,257819622791365; 25,00792512216505
7,257448186677685; 24,926952049382923
7,329382980693612; 25,168880771426167
7,328887732542039; 25,06091667438333
7,328454390409414; 24,966448089470845
7,406105173508077; 25,167807733764427
7,399584406179038; 25,032935153819473
7,38163166068453; 24,97920072937384
7,471271576119179; 25,220881827341294
7,470776327967606; 25,112917730298456
7,470404891853928; 25,031944657516327
7,542339685869855; 25,273873379559568
7,541844437718282; 25,16590928251673
7,541349189566709; 25,05794518547389
7,613160171544745; 25,272882883256422
7,612664923393172; 25,164918786213583
7,612293487279494; 25,083945713431454
7,683980657219635; 25,27189238695328
7,683485409068062; 25,16392828991044
7,683113972954384; 25,082955217128312
7,754801142894525; 25,270901890650133
7,754305894742952; 25,162937793607295
7,753934458629274; 25,081964720825166
7,83152333570899; 25,269828852988393
7,825002568379951; 25,13495627304344
7,807049822885439; 25,081221848597806
7,896689738320092; 25,32290294656526
7,896194490168519; 25,214938849522422
7,895761148035891; 25,12047026460994
7,973411931134553; 25,32182990890352
7,9668911638055135; 25,186957328958567
7,9489384183110054; 25,133222904512934
8,038578333745654; 25,37490400248039
8,038083085594081; 25,26693990543755
8,037711649480404; 25,18596683265542
8,109398819420544; 25,373913506177246
8,108903571268971; 25,265949409134407
8,108532135155293; 25,18497633635228
8,18046692917122; 25,42690505839552
8,179971681019648; 25,31894096135268
8,17953833888702; 25,224472376440197
8,25128741484611; 25,425914562092373
8,250792166694538; 25,317950465049535
8,25042073058086; 25,236977392267406
8,322107900521; 25,424924065789227
8,321612652369428; 25,31695996874639
8,32124121625575; 25,23598689596426
8,393176010271677; 25,4779156180075
8,392680762120104; 25,369951520964662
8,392185513968531; 25,261987423921823
8,463996495946567; 25,476925121704358
8,463501247794994; 25,36896102466152
8,463129811681316; 25,28798795187939
8,534816981621457; 25,475934625401212
8,534321733469884; 25,367970528358374
8,533950297356206; 25,286997455576245
8,605637467296347; 25,474944129098066
8,605142219144774; 25,366980032055228
8,604770783031096; 25,2860069592731
8,67670557704702; 25,52793568131634
8,676210328895447; 25,4199715842735
8,675715080743874; 25,312007487230662
8,74752606272191; 25,526945185013194
8,747030814570337; 25,418981087970355
8,746659378456656; 25,338008015188226
8,8183465483968; 25,525954688710048
8,817851300245227; 25,41799059166721
8,817479864131545; 25,33701751888508
8,88916703407169; 25,524964192406905
8,888671785920117; 25,417000095364067
8,888300349806435; 25,336027022581938
8,95998751974658; 25,52397369610376
8,959492271595007; 25,41600959906092
8,959120835481325; 25,33503652627879
9,03080800542147; 25,522983199800613
9,030312757269897; 25,415019102757775
9,029941321156215; 25,334046029975646
9,107530198235935; 25,521910162138873
9,101009430906892; 25,38703758219392
9,083056685412384; 25,333303157748286
9,172696600847036; 25,57498425571574
9,172201352695463; 25,467020158672902
9,171829916581782; 25,386047085890773
9,243517086521926; 25,5739937594126
9,243021838370353; 25,46602966236976
9,242650402256672; 25,38505658958763
9,320239279336388; 25,572920721750855
9,313718512007348; 25,438048141805904
9,295765766512837; 25,38431371736027
9,38540568194749; 25,625994815327726
9,384910433795916; 25,518030718284887
9,384538997682235; 25,437057645502758
9,456226167622379; 25,62500431902458
9,455730919470806; 25,51704022198174
9,455359483357125; 25,436067149199612
9,527046653297269; 25,624013822721434
9,526551405145696; 25,516049725678595
9,526179969032015; 25,435076652896466
9,597867138972159; 25,62302332641829
9,597371890820586; 25,515059229375453
9,597000454706905; 25,434086156593324
9,668687624647049; 25,622032830115145
9,668192376495476; 25,514068733072307
9,667820940381795; 25,433095660290178
9,739508110321939; 25,621042333812
9,739012862170366; 25,51307823676916
9,738517614018793; 25,405114139726322
9,810328595996829; 25,620051837508854
9,809833347845256; 25,512087740466015
9,809461911731574; 25,431114667683886
9,881149081671719; 25,619061341205708
9,880653833520146; 25,51109724416287
9,880282397406464; 25,43012417138074
9,951969567346609; 25,61807084490256
9,951474319195036; 25,510106747859723
9,951102883081354; 25,429133675077594
10,022790053021499; 25,61708034859942
10,022294804869926; 25,50911625155658
10,021861462737299; 25,414647666644097
10,093610538696385; 25,616089852296273
10,093115290544812; 25,508125755253435
10,09262004239324; 25,400161658210596
10,17033273151085; 25,615016814634533
10,163811964181807; 25,48014423468958
10,1458592186873; 25,426409810243946
10,235499134121952; 25,6680909082114
10,235003885970379; 25,560126811168562
10,234570543837751; 25,465658226256078
10,306319619796842; 25,667100411908255
10,305824371645269; 25,559136314865416
10,305452935531587; 25,478163242083287
10,377140105471732; 25,666109915605112
10,376644857320159; 25,558145818562274
10,376273421206477; 25,477172745780145
10,448208215222408; 25,719101467823386
10,447712967070835; 25,611137370780547
10,447279624938208; 25,516668785868063
10,519028700897298; 25,71811097152024
10,518533452745725; 25,6101468744774
10,518162016632044; 25,529173801695272
10,589849186572188; 25,717120475217094
10,589353938420615; 25,609156378174255
10,588920596287988; 25,51468779326177
10,660422048171291; 25,66214793039253
10,659926800019718; 25,55418383334969
10,659555363906037; 25,47321076056756
10,731242533846181; 25,661157434089382
10,730747285694608; 25,553193337046544
10,730375849580927; 25,472220264264415
10,802063019521068; 25,66016693778624
10,801567771369495; 25,5522028407434
10,801196335255813; 25,471229767961272
10,878785212335533; 25,659093900124496
10,87226444500649; 25,524221320179546
10,854311699511982; 25,470486895733913
10,943951614946634; 25,712167993701367
10,943456366795061; 25,60420389665853
10,943023024662434; 25,509735311746045
11,014772100621524; 25,71117749739822
11,014276852469951; 25,603213400355383
11,01390541635627; 25,522240327573254
11,0858402103722; 25,764169049616495
11,085344962220628; 25,656204952573656
11,084849714069055; 25,548240855530818
11,15666069604709; 25,763178553313352
11,156165447895518; 25,655214456270514
11,155794011781836; 25,574241383488385
11,22748118172198; 25,762188057010206
11,226985933570408; 25,654223959967368
11,226614497456726; 25,57325088718524
11,298549291472657; 25,81517960922848
11,298054043321084; 25,70721551218564
11,297558795169511; 25,599251415142803
11,36912215307176; 25,760207064403915
11,368626904920188; 25,652242967361076
11,368255468806506; 25,571269894578947
11,43994263874665; 25,75921656810077
11,439447390595078; 25,65125247105793
11,439075954481396; 25,5702793982758
11,51076312442154; 25,758226071797623
11,510267876269968; 25,650261974754784
11,50983453413734; 25,5557933898423
11,581583610096427; 25,75723557549448
11,581088361944854; 25,64927147845164
11,580655019812227; 25,554802893539158
11,652404095771317; 25,756245079191334
11,651908847619744; 25,648280982148496
11,651537411506062; 25,567307909366367
11,729126288585782; 25,755172041529594
11,722605521256739; 25,62029946158464
11,70465277576223; 25,566565037139007
11,794292691196883; 25,80824613510646
11,79379744304531; 25,700282038063623
11,793426006931629; 25,619308965281494
11,865113176871773; 25,807255638803316
11,8646179287202; 25,699291541760477
11,864184586587573; 25,604822956847993
11,935933662546663; 25,806265142500173
11,93543841439509; 25,698301045457335
11,934943166243517; 25,590336948414496
12,006630336183658; 25,778283621936318
12,006135088032085; 25,67031952489348
12,005701745899461; 25,575850939980995
12,077327009820657; 25,750302101372462
12,076831761669084; 25,642338004329623
12,076460325555402; 25,561364931547494
12,148147495495547; 25,749311605069316
12,147652247343974; 25,641347508026477
12,147280811230292; 25,56037443524435
12,219215605246223; 25,80230315728759
12,21872035709465; 25,69433906024475
12,218287014962023; 25,599870475332267
12,295937798060685; 25,80123011962585
12,289417030731641; 25,666357539680895
12,271464285237133; 25,612623115235262
12,361104200671786; 25,85430421320272
12,360608952520213; 25,74634011615988
12,360175610387586; 25,651871531247398
12,431924686346676; 25,853313716899574
12,431429438195103; 25,745349619856736
12,430996096062476; 25,650881034944252
12,50249754794578; 25,79834117207501
12,502002299794206; 25,69037707503217
12,501630863680525; 25,60940400225004
12,573565657696456; 25,851332724293282
12,573070409544883; 25,743368627250444
12,57257516139331; 25,635404530207605
12,644386143371346; 25,850342227990136
12,643890895219773; 25,742378130947298
12,643519459106091; 25,66140505816517
12,715206629046236; 25,849351731686994
12,714711380894663; 25,741387634644155
12,714339944780981; 25,660414561862027
12,786274738796909; 25,902343283905267
12,78577949064534; 25,79437918686243
12,785284242493766; 25,68641508981959
12,857095224471799; 25,90135278760212
12,85659997632023; 25,793388690559283
12,856166634187602; 25,6989201056468
12,927915710146689; 25,900362291298975
12,92742046199512; 25,792398194256137
12,926925213843546; 25,6844340972133
12,998736195821575; 25,89937179499583
12,998240947670006; 25,79140769795299
12,997745699518433; 25,683443600910152
13,075706012711827; 25,95228080585551
13,069185245382787; 25,817408225910555
13,068689997231214; 25,709444128867716
13,050737251736706; 25,655709704422083
13,140872415322928; 26,00535489943238
13,140377167171355; 25,89739080238954
13,139881919019786; 25,789426705346703
13,139386670868213; 25,681462608303864
13,211692900997818; 26,004364403129234
13,211197652846245; 25,896400306086395
13,210702404694675; 25,788436209043557
13,210207156543103; 25,680472112000718
13,288662717888066; 26,057273413988913
13,28214195055903; 25,92240083404396
13,281646702407457; 25,81443673700112
13,281151454255884; 25,70647263995828
13,263198708761376; 25,65273821551265
13,353333872347598; 26,002383410522942
13,352838624196025; 25,894419313480103
13,352343376044455; 25,786455216437265
13,351848127892882; 25,678491119394426
13,424154358022488; 26,001392914219796
13,423659109870915; 25,893428817176957
13,423163861719345; 25,78546472013412
13,422668613567772; 25,67750062309128
13,494974843697378; 26,000402417916654
13,494479595545805; 25,892438320873815
13,493984347394235; 25,784474223830976
13,493489099242662; 25,676510126788138
13,565795329372268; 25,999411921613508
13,565300081220695; 25,89144782457067
13,564804833069125; 25,78348372752783
13,564433396955444; 25,7025106547457
13,636615815047158; 25,99842142531036
13,636120566895585; 25,890457328267523
13,635625318744015; 25,782493231224684
13,635253882630334; 25,701520158442555
13,707931548873617; 26,105395026050054
13,707436300722044; 25,997430929007216
13,706941052570471; 25,889466831964377
13,706445804418902; 25,78150273492154
13,70607436830522; 25,70052966213941
13,778752034548507; 26,10440452974691
13,778256786396934; 25,99644043270407
13,777761538245361; 25,88847633566123
13,777266290093792; 25,780512238618392
13,77689485398011; 25,699539165836264
13,849572520223397; 26,103414033443762
13,849077272071824; 25,995449936400924
13,848582023920251; 25,887485839358085
13,848086775768682; 25,779521742315247
13,847715339655; 25,698548669533118
13,920393005898287; 26,10242353714062
13,919897757746714; 25,99445944009778
13,919402509595141; 25,886495343054943
13,918907261443572; 25,778531246012104
13,91853582532989; 25,697558173229975
13,990718243421604; 25,993468943794635
13,990222995270031; 25,885504846751797
13,989727747118462; 25,777540749708958
13,98935631100478; 25,69656767692683
14,061538729096494; 25,99247844749149
14,061043480944921; 25,88451435044865
14,060548232793352; 25,776550253405812
14,06017679667967; 25,695577180623683
14,132359214771384; 25,991487951188343
14,131863966619811; 25,883523854145505
14,131368718468241; 25,775559757102666
14,13099728235456; 25,694586684320537
14,202684452294701; 25,88253335784236
14,202189204143131; 25,77456926079952
14,20181776802945; 25,69359618801739
14,279406645109162; 25,88146032018062
14,272885877780126; 25,746587740235668
14,254933132285615; 25,692853315790035
14,344573047720267; 25,93453441375749
14,344077799568698; 25,82657031671465
14,34364445743607; 25,732101731802167
14,415641157470944; 25,987525965975763
14,41514590931937; 25,879561868932925
14,414650661167801; 25,771597771890086
14,48646164314583; 25,986535469672617
14,485966394994257; 25,87857137262978
14,48559495888058; 25,79759829984765
14,55728212882072; 25,98554497336947
14,556786880669147; 25,877580876326633
14,55641544455547; 25,796607803544504
14,62810261449561; 25,984554477066325
14,627607366344037; 25,876590380023487
14,627174024211413; 25,782121795111003
14,698799288132609; 25,956572956502473
14,698304039981036; 25,848608859459635
14,697870697848408; 25,75414027454715
14,769495961769604; 25,928591435938618
14,769000713618034; 25,82062733889578
14,768629277504353; 25,73965426611365
14,840316447444494; 25,92760093963547
14,839821199292924; 25,819636842592633
14,839449763179243; 25,738663769810504
14,911136933119383; 25,926610443332326
14,910641684967814; 25,818646346289487
14,910270248854133; 25,737673273507358
14,981957418794273; 25,92561994702918
14,981462170642704; 25,81765584998634
14,981090734529023; 25,736682777204212
15,052777904469163; 25,924629450726037
15,052282656317594; 25,8166653536832
15,051911220203912; 25,73569228090107
15,12384601421984; 25,97762100294431
15,123350766068267; 25,869656905901472
15,122855517916697; 25,761692808858633
15,194666499894726; 25,976630506641165
15,194171251743153; 25,868666409598326
15,193676003591584; 25,760702312555487
15,265486985569616; 25,97564001033802
15,264991737418043; 25,86767591329518
15,264620301304365; 25,78670284051305
15,342209178384081; 25,97456697267628
15,335688411055042; 25,839694392731325
15,317735665560534; 25,78595996828569
15,407375580995183; 26,02764106625315
15,40688033284361; 25,91967696921031
15,406446990710986; 25,825208384297827
15,478196066670073; 26,026650569950004
15,4777008185185; 25,918686472907165
15,477329382404822; 25,837713400125036
15,514596805810665; 26,242083515884108
15,514101557659092; 26,13411941884127
15,549016552344963; 26,025660073646858
15,54852130419339; 25,91769597660402
15,548149868079712; 25,83672290382189
15,585417291485552; 26,241093019580962
15,584922043333979; 26,133128922538123
15,619837038019853; 26,024669577343712
15,61934178986828; 25,916705480300873
15,618970353754602; 25,835732407518744
15,656237777160442; 26,240102523277816
15,655742529008869; 26,132138426234977
15,690657523694743; 26,023679081040566
15,69016227554317; 25,915714983997727
15,689790839429492; 25,8347419112156
15,727058262835332; 26,23911202697467
15,726563014683759; 26,13114792993183
15,761478009369633; 26,02268858473742
15,76098276121806; 25,91472448769458
15,760611325104382; 25,833751414912452
15,797878748510222; 26,238121530671528
15,797383500358649; 26,13015743362869
15,832298495044522; 26,021698088434277
15,83180324689295; 25,91373399139144
15,831431810779272; 25,83276091860931
15,868699234185112; 26,23713103436838
15,868203986033539; 26,129166937325543
15,903118980719409; 26,02070759213113
15,902623732567836; 25,912743495088293
15,902252296454158; 25,831770422306164
15,939519719860002; 26,236140538065236
15,939024471708429; 26,128176441022397
15,973939466394299; 26,019717095827986
15,973444218242726; 25,911752998785147
15,973072782129048; 25,830779926003018
16,01034020553489; 26,23515004176209
16,00984495738332; 26,12718594471925
16,04475995206919; 26,01872659952484
16,044264703917616; 25,910762502482
16,043893267803938; 25,829789429699872
16,08116069120978; 26,234159545458944
16,08066544305821; 26,126195448416105
16,121482144883654; 26,0176535618631
16,114961377554614; 25,882780981918145
16,097008632060106; 25,829046557472513
16,151733552808885; 26,17918700063438
16,186648547494755; 26,07072765543997
16,186153299343182; 25,962763558397132
16,18565805119161; 25,854799461354293
16,18528661507793; 25,773826388572164
16,222554038483775; 26,178196504331236
16,257469033169645; 26,069737159136825
16,256973785018072; 25,961773062093986
16,2564785368665; 25,853808965051147
16,256045194733876; 25,759340380138664
16,29337452415866; 26,17720600802809
16,328289518844535; 26,06874666283368
16,327794270692962; 25,96078256579084
16,32729902254139; 25,852818468748
16,32680377438982; 25,744854371705163
16,36419500983355; 26,176215511724944
16,399110004519425; 26,067756166530533
16,398614756367852; 25,959792069487694
16,39811950821628; 25,851827972444855
16,3977480721026; 25,770854899662726
16,43489168347055; 26,14823399116109
16,4755845732581; 26,012701080347373
16,469063805929064; 25,87782850040242
16,45098724839666; 25,797103051696077
16,540750975869205; 26,06577517392424
16,540255727717632; 25,957811076881402
16,53976047956606; 25,849846979838563
16,61157146154409; 26,0647846776211
16,61107621339252; 25,95682058057826
16,610580965240946; 25,84885648353542
16,68239194721898; 26,063794181317952
16,68189669906741; 25,955830084275114
16,681401450915835; 25,847865987232275
16,75321243289387; 26,062803685014806
16,7527171847423; 25,954839587971968
16,75234574862862; 25,87386651518984
16,82403291856876; 26,06181318871166
16,82353767041719; 25,953849091668822
16,82316623430351; 25,872876018886693
16,89485340424365; 26,060822692408514
16,89435815609208; 25,952858595365676
16,8939867199784; 25,871885522583547
16,965921513994328; 26,11381424462679
16,965426265842755; 26,005850147583953
16,964931017691182; 25,897886050541114
17,036741999669218; 26,112823748323645
17,036246751517645; 26,004859651280807
17,035875315403967; 25,923886578498678
17,107562485344108; 26,1118332520205
17,107067237192535; 26,00386915497766
17,106695801078857; 25,922896082195532
17,178382971018998; 26,110842755717353
17,177887722867425; 26,002878658674515
17,177516286753747; 25,921905585892386
17,249451080769674; 26,163834307935627
17,2489558326181; 26,055870210892788
17,248460584466528; 25,94790611384995
17,320271566444564; 26,16284381163248
17,31977631829299; 26,054879714589642
17,319404882179313; 25,973906641807513
17,39109205211945; 26,16185331532934
17,390596803967878; 26,0538892182865
17,390163461835254; 25,959420633374016
17,46191253779434; 26,160862819026192
17,461417289642768; 26,052898721983354
17,460922041491195; 25,944934624940515
17,53273302346923; 26,159872322723047
17,532237775317657; 26,051908225680208
17,531742527166084; 25,94394412863737
17,60355350914412; 26,1588818264199
17,603058260992547; 26,050917729377062
17,602563012840974; 25,942953632334223
17,67437399481901; 26,157891330116755
17,673878746667437; 26,049927233073916
17,673383498515864; 25,941963136031077
17,7451944804939; 26,156900833813612
17,744699232342327; 26,048936736770774
17,74432779622865; 25,967963663988645
17,81601496616879; 26,155910337510466
17,815519718017217; 26,047946240467628
17,81514828190354; 25,9669731676855
17,88683545184368; 26,15491984120732
17,886340203692107; 26,04695574416448
17,88596876757843; 25,965982671382353
17,95765593751857; 26,153929344904174
17,957160689366997; 26,045965247861336
17,95678925325332; 25,964992175079207
18,02847642319346; 26,15293884860103
18,027981175041887; 26,04497475155819
18,02760973892821; 25,96400167877606
18,099544532944133; 26,2059304008193
18,09904928479256; 26,097966303776463
18,098554036640987; 25,990002206733624
18,170365018619023; 26,20493990451616
18,16986977046745; 26,09697580747332
18,169374522315877; 25,989011710430482
18,241185504293913; 26,203949408213013
18,24069025614234; 26,095985311170175
18,240256914009716; 26,00151672625769
18,31225361404459; 26,256940960431287
18,311758365893017; 26,148976863388448
18,311263117741444; 26,04101276634561
18,38307409971948; 26,25595046412814
18,382578851567906; 26,147986367085302
18,382083603416334; 26,040022270042464
18,454142209470156; 26,308942016346414
18,453646961318583; 26,200977919303575
18,45315171316701; 26,093013822260737
18,524962695145046; 26,30795152004327
18,524467446993473; 26,199987423000433
18,5239721988419; 26,092023325957594
18,601684887959507; 26,306878482381528
18,59516412063047; 26,172005902436577
18,594730778497844; 26,077537317524094
18,66635604241904; 26,25198847891556
18,665860794267466; 26,144024381872722
18,66548935815379; 26,063051309090593
18,73717652809393; 26,250997982612414
18,736681279942356; 26,143033885569576
18,73630984382868; 26,062060812787447
18,807997013768816; 26,25000748630927
18,807501765617243; 26,14204338926643
18,807130329503565; 26,0610703164843
18,878693687405814; 26,222025965745413
18,87819843925424; 26,114061868702574
18,860245693759733; 26,06032744425694
18,949885609194382; 26,3020085422244
18,94939036104281; 26,19404444518156
18,948957018910182; 26,099575860269077
19,020706094869272; 26,301018045921253
19,0202108467177; 26,193053948878415
19,01983941060402; 26,112080876096286
19,091526580544162; 26,300027549618108
19,09103133239259; 26,19206345257527
19,09065989627891; 26,11109037979314
19,162347066219052; 26,29903705331496
19,16185181806748; 26,191072956272123
19,1614803819538; 26,110099883489994
19,233167551893942; 26,298046557011816
19,23267230374237; 26,190082459968977
19,23230086762869; 26,109109387186848
19,303988037568832; 26,297056060708673
19,30349278941726; 26,189091963665835
19,302997541265686; 26,081127866622996
19,374808523243722; 26,296065564405527
19,37431327509215; 26,18810146736269
19,373818026940576; 26,08013737031985
19,445629008918612; 26,29507506810238
19,44513376076704; 26,187110971059543
19,44476232465336; 26,106137898277414
19,5164494945935; 26,294084571799235
19,515954246441925; 26,186120474756397
19,515582810328247; 26,105147401974268
19,58726998026839; 26,29309407549609
19,586774732116815; 26,18512997845325
19,586403296003137; 26,104156905671122
19,65809046594328; 26,292103579192947
19,657595217791705; 26,18413948215011
19,657223781678027; 26,10316640936798
19,728910951618168; 26,2911130828898
19,728415703466595; 26,183148985846962
19,728044267352917; 26,102175913064833
19,80563314443263; 26,29004004522806
19,799112377103594; 26,155167465283107
19,781159631609086; 26,101433040837474
19,870799547043735; 26,34311413880493
19,87030429889216; 26,23515004176209
19,86980905074059; 26,12718594471925
19,941620032718625; 26,342123642501782
19,94112478456705; 26,234159545458944
19,940753348453374; 26,153186472676815
20,012440518393515; 26,341133146198636
20,01194527024194; 26,233169049155798
20,011573834128264; 26,15219597637367
20,083261004068405; 26,340142649895494
20,08276575591683; 26,232178552852655
20,082394319803154; 26,151205480070526
20,154081489743294; 26,339152153592348
20,15358624159172; 26,23118805654951
20,153214805478044; 26,15021498376738
20,224901975418184; 26,338161657289202
20,22440672726661; 26,230197560246364
20,224035291152934; 26,149224487464235
20,29572246109307; 26,337171160986056
20,295227212941498; 26,229207063943218
20,29485577682782; 26,14823399116109
20,36654294676796; 26,33618066468291
20,366047698616388; 26,22821656764007
20,36567626250271; 26,147243494857943
20,437611056518637; 26,389172216901187
20,437115808367064; 26,28120811985835
20,43662056021549; 26,17324402281551
20,508431542193527; 26,38818172059804
20,507936294041954; 26,280217623555203
20,507564857928276; 26,199244550773074
20,579252027868417; 26,387191224294895
20,578756779716844; 26,279227127252057
20,578385343603166; 26,198254054469928
20,650072513543307; 26,38620072799175
20,649577265391734; 26,27823663094891
20,649205829278056; 26,19726355816678
20,72679470635777; 26,38512769033001
20,720273939028733; 26,250255110385055
20,71990250291505; 26,169282037602926
20,791961108968874; 26,43820178390688
20,7914658608173; 26,330237686864038
20,790970612665728; 26,2222735898212
20,79059917655205; 26,14130051703907
20,862781594643764; 26,437211287603738
20,86228634649219; 26,329247190560896
20,861791098340618; 26,221283093518057
20,86141966222694; 26,140310020735928
20,933602080318654; 26,43622079130059
20,93310683216708; 26,32825669425775
20,932611584015508; 26,22029259721491
20,93224014790183; 26,139319524432782
21,00442256599354; 26,435230294997446
21,003927317841967; 26,327266197954604
21,003432069690394; 26,219302100911765
20,985355512157994; 26,138576652205423
21,07524305166843; 26,4342397986943
21,074747803516857; 26,326275701651458
21,074252555365284; 26,21831160460862
21,14606353734332; 26,433249302391154
21,145568289191747; 26,32528520534831
21,145073041040174; 26,217321108305473
21,21688402301821; 26,43225880608801
21,216388774866637; 26,32429470904517
21,215893526715064; 26,21633061200233
21,2877045086931; 26,431268309784866
21,287209260541527; 26,323304212742023
21,286714012389954; 26,215340115699185
21,36442670150756; 26,430195272123125
21,357905934178525; 26,295322692178168
21,357472592045898; 26,200854107265684
21,429593104118666; 26,483269365699993
21,429097855967093; 26,37530526865715
21,42860260781552; 26,267341171614312
21,428231171701842; 26,186368098832183
21,500413589793556; 26,482278869396847
21,499918341641983; 26,374314772354005
21,49942309349041; 26,266350675311166
21,577135782608018; 26,481205831735107
21,570615015278978; 26,34633325179015
21,570181673146354; 26,251864666877665
21,642302185219123; 26,534279925311978
21,64180693706755; 26,42631582826914
21,641311688915977; 26,318351731226297
21,6409402528023; 26,237378658444168
21,71312267089401; 26,533289429008832
21,712627422742436; 26,425325331965993
21,712132174590863; 26,31736123492315
21,711760738477185; 26,236388162141022
21,7839431565689; 26,532298932705686
21,783447908417326; 26,424334835662847
21,782952660265753; 26,316370738620005
21,782581224152075; 26,235397665837876
21,854268394092216; 26,4233443393597
21,853773145940643; 26,31538024231686
21,853339803808016; 26,220911657404375
21,925088879767106; 26,422353843056555
21,924593631615533; 26,314389746013713
21,924160289482906; 26,21992116110123
21,995909365441996; 26,421363346753413
21,995414117290423; 26,31339924971057
21,995042681176745; 26,232426176928442
22,066977475192672; 26,474354898971686
22,0664822270411; 26,366390801928844
22,065986978889526; 26,258426704886006
22,137797960867562; 26,47336440266854
22,13730271271599; 26,3654003056257
22,13693127660231; 26,28442723284357
22,208618446542452; 26,472373906365394
22,20812319839088; 26,364409809322552
22,2077517622772; 26,283436736540423
22,279438932217342; 26,47138341006225
22,27894368406577; 26,363419313019406
22,27857224795209; 26,282446240237277
22,350259417892232; 26,470392913759103
22,34976416974066; 26,36242881671626
22,34939273362698; 26,28145574393413
22,42107990356712; 26,46940241745596
22,420584655415546; 26,361438320413118
22,420213219301868; 26,28046524763099
22,492148013317795; 26,522393969674233
22,491652765166222; 26,414429872631395
22,491219423033595; 26,319961287718908
22,562968498992685; 26,521403473371088
22,562473250841112; 26,41343937632825
22,56210181472743; 26,332466303546116
22,63403660874336; 26,57439502558936
22,63354136059179; 26,466430928546522
22,63310801845916; 26,37196234363404
22,70485709441825; 26,573404529286215
22,70436184626668; 26,465440432243376
22,703990410152997; 26,384467359461247
22,77567758009314; 26,572414032983072
22,77518233194157; 26,464449935940234
22,774810895827887; 26,383476863158105
22,84649806576803; 26,571423536679927
22,84600281761646; 26,463459439637088
22,845507569464885; 26,355495342594246
22,922972634506706; 26,516368450496767
22,916451867177667; 26,381495870551813
22,89849912168316; 26,327761446106177
22,98813903711781; 26,569442544073635
22,98764378896624; 26,461478447030796
22,987148540814665; 26,353514349987954
23,0589595227927; 26,56845204777049
23,05846427464113; 26,46048795072765
23,058092838527447; 26,37951487794552
23,135681715607163; 26,56737901010875
23,129160948278123; 26,432506430163794
23,11120820278361; 26,37877200571816
23,200848118218264; 26,62045310368562
23,20035287006669; 26,51248900664278
23,19985762191512; 26,404524909599942
23,277570311032726; 26,61938006602388
23,271049543703686; 26,484507486078925
23,270616201571062; 26,39003890116644
23,342736713643834; 26,672454159600747
23,34224146549226; 26,56449006255791
23,341746217340688; 26,45652596551507
23,341374781227007; 26,37555289273294
23,41355719931872; 26,6714636632976
23,413061951167148; 26,563499566254762
23,412566703015575; 26,455535469211924
23,412195266901893; 26,374562396429795
23,484377684993614; 26,670473166994455
23,48388243684204; 26,562509069951616
23,483387188690468; 26,454544972908778
23,465310631158058; 26,373819524202435
23,5551981706685; 26,669482670691313
23,554702922516928; 26,561518573648474
23,554207674365355; 26,453554476605635
23,626018656343387; 26,668492174388167
23,625523408191814; 26,560528077345328
23,62502816004024; 26,45256398030249
23,69683914201828; 26,66750167808502
23,696343893866707; 26,559537581042182
23,695848645715134; 26,451573483999343
23,76790725176895; 26,720493230303294
23,767412003617377; 26,612529133260455
23,766916755465804; 26,504565036217617
23,838727737443843; 26,719502734000148
23,83823248929227; 26,61153863695731
23,837737241140697; 26,50357453991447
23,90954822311873; 26,718512237697002
23,909052974967157; 26,610548140654164
23,908557726815584; 26,502584043611325
23,980368708793623; 26,71752174139386
23,97987346064205; 26,60955764435102
23,979378212490477; 26,501593547308183
23,979006776376803; 26,420620474526054
24,05118919446851; 26,716531245090714
24,050693946316937; 26,608567148047875
24,050198698165364; 26,500603051005037
24,04982726205169; 26,419629978222908
24,122009680143403; 26,715540748787568
24,12151443199183; 26,60757665174473
24,121019183840257; 26,49961255470189
24,120647747726583; 26,41863948191976
24,19283016581829; 26,714550252484422
24,192334917666717; 26,606586155441583
24,191839669515144; 26,498622058398745
24,173763111982748; 26,417896609692402
24,263650651493176; 26,713559756181276
24,263155403341603; 26,605595659138437
24,26266015519003; 26,4976315620956
24,33447113716807; 26,712569259878133
24,333975889016497; 26,604605162835295
24,333480640864924; 26,496641065792456
24,405167810805064; 26,684587739314278
24,40467256265349; 26,57662364227144
24,404239220520868; 26,482155057358955
24,47611210851785; 26,71058826727184
24,475616860366276; 26,602624170229003
24,475121612214704; 26,494660073186164
24,546932594192736; 26,709597770968696
24,546437346041163; 26,601633673925857
24,54600400390854; 26,507165089013373
24,61775307986763; 26,70860727466555
24,617257831716056; 26,60064317762271
24,616886395602382; 26,519670104840582
24,688573565542516; 26,707616778362404
24,688078317390943; 26,599652681319565
24,68770688127727; 26,518679608537436
24,75939405121741; 26,70662628205926
24,758898803065836; 26,598662185016423
24,758527366952162; 26,517689112234294
24,830214536892296; 26,705635785756115
24,829719288740723; 26,597671688713277
24,82934785262705; 26,516698615931148
24,90128264664298; 26,75862733797439
24,900787398491406; 26,65066324093155
24,900292150339833; 26,54269914388871
24,972103132317866; 26,757636841671243
24,971607884166293; 26,649672744628404
24,97117454203367; 26,55520415971592
25,042923617992752; 26,756646345368097
25,04242836984118; 26,648682248325258
25,042056933727498; 26,56770917554313
25,113744103667646; 26,755655849064954
25,113248855516073; 26,647691752022116
25,11287741940239; 26,566718679239987
25,184564589342532; 26,75466535276181
25,18406934119096; 26,64670125571897
25,183697905077278; 26,56572818293684
25,255385075017426; 26,753674856458662
25,254889826865853; 26,645710759415824
25,25451839075217; 26,564737686633695
25,332107267831883; 26,752601818796922
25,325586500502848; 26,617729238851968
25,307633755008336; 26,563994814406335
25,39727367044299; 26,80567591237379
25,396778422291415; 26,69771181533095
25,396283174139842; 26,589747718288113
25,468094156117875; 26,804685416070647
25,467598907966302; 26,69672131902781
25,467227471852627; 26,61574824624568
25,53891464179277; 26,8036949197675
25,538419393641195; 26,695730822724663
25,53804795752752; 26,614757749942534
25,609735127467655; 26,802704423464355
25,609239879316082; 26,694740326421517
25,608868443202407; 26,613767253639388
25,68645732028212; 26,801631385802615
25,679936552953077; 26,66675880585766
25,661983807458572; 26,61302438141203
25,751623722893225; 26,854705479379483
25,751128474741652; 26,746741382336644
25,75063322659008; 26,638777285293806
25,82244420856811; 26,853714983076337
25,821948960416538; 26,7457508860335
25,821453712264965; 26,63778678899066
25,893264694243005; 26,852724486773194
25,89276944609143; 26,744760389730356
25,89227419793986; 26,636796292687517
25,96408517991789; 26,85173399047005
25,963589931766318; 26,74376989342721
25,963094683614745; 26,63580579638437
26,034905665592785; 26,850743494166903
26,03441041744121; 26,742779397124064
26,03397707530858; 26,64831081221158
26,10572615126767; 26,849752997863757
26,105230903116098; 26,741788900820918
26,104859467002417; 26,66081582803879
26,182448344082136; 26,848679960202016
26,1759275767531; 26,713807380257062
26,15797483125859; 26,66007295581143
26,247490934655342; 26,874763029518178
26,24699568650377; 26,76679893247534
26,246500438352196; 26,6588348354325
26,318187608292344; 26,846781508954322
26,31769236014077; 26,738817411911484
26,3171971119892; 26,630853314868645
26,394909801106802; 26,845708471292582
26,388389033777766; 26,710835891347628
26,387893785626193; 26,60287179430479
26,369941040131682; 26,549137369859157
26,4600762037179; 26,89878256486945
26,459580955566327; 26,79081846782661
26,459085707414754; 26,682854370783772
26,45859045926318; 26,574890273740934
26,530896689392794; 26,897792068566304
26,53040144124122; 26,789827971523465
26,529906193089648; 26,681863874480626
26,529534756975973; 26,600890801698498
26,60171717506768; 26,896801572263158
26,601221926916107; 26,78883747522032
26,600726678764534; 26,68087337817748
26,60035524265086; 26,59990030539535
26,672537660742574; 26,895811075960015
26,672042412591; 26,787846978917177
26,671547164439428; 26,679882881874338
26,74335814641746; 26,89482057965687
26,742862898265887; 26,78685648261403
26,742367650114314; 26,678892385571192
26,814178632092354; 26,893830083353723
26,81368338394078; 26,785865986310885
26,813250041808157; 26,6913974013984
26,89090082490681; 26,892757045691983
26,884380057577776; 26,75788446574703
26,86642731208327; 26,704150041301396
26,955819603442134; 26,89184909074743
26,95532435529056; 26,783884993704593
26,954952919176886; 26,702911920922464
27,02664008911702; 26,89085859444429
27,026144840965447; 26,78289449740145
27,025773404851773; 26,70192142461932
27,097460574791914; 26,889868098141143
27,09696532664034; 26,781904001098304
27,096593890526666; 26,700930928316176
27,17418276760637; 26,888795060479403
27,167662000277335; 26,75392248053445
27,14970925478283; 26,700188056088816
27,239349170217476; 26,94186915405627
27,238853922065903; 26,833905057013432
27,238420579933273; 26,739436472100948
27,31607136303194; 26,94079611639453
27,309550595702905; 26,805923536449576
27,291597850208394; 26,752189112003943
27,38123776564304; 26,993870209971398
27,380742517491466; 26,88590611292856
27,380247269339893; 26,77794201588572
27,452058251317933; 26,992879713668255
27,45156300316636; 26,884915616625417
27,451067755014787; 26,77695151958258
27,52287873699282; 26,99188921736511
27,522383488841246; 26,88392512032227
27,521888240689673; 26,775961023279432
27,593699222667713; 26,990898721061964
27,59320397451614; 26,882934624019125
27,592832538402465; 26,801961551236996
27,6645197083426; 26,989908224758818
27,664024460191026; 26,88194412771598
27,66365302407735; 26,80097105493385
27,741241901157064; 26,988835187097077
27,734721133828028; 26,853962607152123
27,716768388333517; 26,80022818270649
27,80640830376817; 27,04190928067395
27,805913055616596; 26,93394518363111
27,805479713483965; 26,839476598718626
27,877228789443055; 27,040918784370803
27,876733541291483; 26,932954687327964
27,87630019915885; 26,83848610241548
27,94780165104216; 26,985946239546237
27,947306402890586; 26,8779821425034
27,94693496677691; 26,79700906972127
28,018622136717045; 26,98495574324309
28,018126888565472; 26,876991646200253
28,017755452451798; 26,796018573418124
28,08944262239194; 26,983965246939945
28,088947374240366; 26,876001149897107
28,08857593812669; 26,795028077114978
28,160510732142615; 27,03695679915822
28,160015483991042; 26,92899270211538
28,15958214185841; 26,834524117202896
28,23133121781751; 27,035966302855076
28,230835969665936; 26,928002205812238
28,230464533552254; 26,84702913303011
28,302399327568178; 27,08895785507335
28,301904079416605; 26,98099375803051
28,301408831265032; 26,873029660987672
28,37321981324307; 27,087967358770204
28,3727245650915; 26,980003261727365
28,372229316939926; 26,872039164684526
28,449942006057537; 27,086894321108463
28,443421238728494; 26,95202174116351
28,44298789659587; 26,857553156251026
28,51510840866864; 27,13996841468533
28,51461316051707; 27,032004317642492
28,514117912365496; 26,924040220599654
28,513746476251814; 26,843067147817525
28,585928894343528; 27,13897791838219
28,585433646191955; 27,03101382133935
28,584938398040382; 26,92304972429651
28,5845669619267; 26,842076651514382
28,656749380018415; 27,137987422079043
28,65625413186684; 27,030023325036204
28,65575888371527; 26,922059227993365
28,655387447601587; 26,841086155211237
28,727569865693308; 27,136996925775897
28,727074617541735; 27,029032828733058
28,726579369390162; 26,92106873169022
28,72620793327648; 26,84009565890809
28,798390351368194; 27,13600642947275
28,79789510321662; 27,028042332429912
28,79739985506505; 26,920078235387074
28,869210837043088; 27,135015933169605
28,868715588891515; 27,027051836126766
28,868220340739942; 26,919087739083928
28,945933029857553; 27,133942895507865
28,939412262528503; 26,99907031556291
28,93897892039588; 26,904601730650427
29,01109943246865; 27,187016989084736
29,010604184317078; 27,079052892041897
29,010108936165505; 26,97108879499906
29,009737500051823; 26,89011572221693
29,081796106105646; 27,15903546852088
29,081300857954073; 27,05107137147804
29,0808056098025; 26,943107274435203
29,062852864307988; 26,88937284998957
29,152492779742648; 27,131053947957025
29,151997531591075; 27,023089850914186
29,151502283439502; 26,915125753871347
29,223313265417534; 27,13006345165388
29,22281801726596; 27,02209935461104
29,22232276911439; 26,9141352575682
29,294133751092428; 27,129072955350733
29,293638502940855; 27,021108858307894
29,293143254789282; 26,913144761265055
29,364954236767314; 27,12808245904759
29,36445898861574; 27,02011836200475
29,36402564648311; 26,925649777092268
29,4357747224422; 27,127091962744444
29,435279474290628; 27,019127865701606
29,434908038176946; 26,938154792919477
29,506595208117094; 27,1261014664413
29,50609995996552; 27,01813736939846
29,50572852385184; 26,93716429661633
29,57741569379198; 27,125110970138152
29,576920445640408; 27,017146873095314
29,576549009526726; 26,936173800313185
29,648236179466874; 27,124120473835006
29,6477409313153; 27,016156376792168
29,64730758918267; 26,921687791879684
29,71905666514176; 27,12312997753186
29,718561416990187; 27,015165880489022
29,718128074857557; 26,920697295576538
29,789877150816654; 27,122139481228718
29,78938190266508; 27,01417538418588
29,7890104665514; 26,93320231140375
29,86069763649154; 27,121148984925572
29,860202388339967; 27,013184887882733
29,859830952226286; 26,932211815100604
29,931518122166434; 27,120158488622426
29,93102287401486; 27,012194391579587
29,93065143790118; 26,93122131879746
30,00233860784132; 27,11916799231928
30,001843359689747; 27,01120389527644
30,001471923576066; 26,930230822494313
30,073159093516207; 27,118177496016134
30,072663845364634; 27,010213398973296
30,072292409250952; 26,929240326191167
30,14988128633068; 27,117104458354394
30,14336051900163; 26,982231878409443
30,125407773507124; 26,92849745396381
30,22094939608135; 27,170096010572667
30,214428628752305; 27,035223430627717
30,196475883257794; 26,981489006182084
30,286115798692453; 27,22317010414954
30,28562055054088; 27,1152060071067
30,28518720840825; 27,020737422194216
30,357183908443123; 27,27616165636781
30,35668866029155; 27,168197559324973
30,356193412139977; 27,060233462282135
30,428004394118016; 27,275171160064666
30,427509145966443; 27,167207063021827
30,42713770985276; 27,0862339902397
30,498824879792902; 27,27418066376152
30,49832963164133; 27,16621656671868
30,497958195527648; 27,085243493936552
30,569645365467796; 27,273190167458377
30,569150117316223; 27,16522607041554
30,56877868120254; 27,08425299763341
30,640465851142682; 27,27219967115523
30,63997060299111; 27,164235574112393
30,639599166877428; 27,083262501330264
30,711286336817576; 27,271209174852086
30,710791088666003; 27,163245077809247
30,71041965255232; 27,082272005027118
30,782106822492462; 27,27021867854894
30,78161157434089; 27,1622545815061
30,781240138227208; 27,081281508723972
30,85317493224314; 27,323210230767213
30,852679684091566; 27,215246133724374
30,852184435939993; 27,107282036681536
30,83410787840759; 27,026556587975193
30,923995417918032; 27,32221973446407
30,92350016976646; 27,214255637421232
30,923004921614886; 27,106291540378393
30,99481590359292; 27,321229238160925
30,994320655441346; 27,213265141118086
30,993825407289773; 27,105301044075247
31,065636389267812; 27,32023874185778
31,06514114111624; 27,21227464481494
31,064645892964666; 27,1043105477721
31,1364568749427; 27,319248245554633
31,135961626791126; 27,211284148511794
31,135466378639553; 27,103320051468955
31,213179067757164; 27,318175207892892
31,20665830042812; 27,18330262794794
31,206224958295497; 27,088834043035455
31,27834547036826; 27,37124930146976
31,27785022221669; 27,26328520442692
31,277354974065116; 27,155321107384083
31,276983537951434; 27,074348034601954
31,349165956043155; 27,370258805166618
31,348670707891582; 27,26229470812378
31,34817545974001; 27,15433061108094
31,3300989022076; 27,073605162374598
31,41998644171804; 27,36926830886347
31,41949119356647; 27,261304211820633
31,418995945414895; 27,153340114777794
31,49105455146871; 27,422259861081745
31,490559303317145; 27,314295764038906
31,490064055165572; 27,206331666996068
31,48969261905189; 27,12535859421394
31,56162741306782; 27,36728731625718
31,56113216491625; 27,25932321921434
31,560636916764675; 27,151359122171502
31,632447898742708; 27,366296819954034
31,631952650591135; 27,258332722911195
31,631457402439562; 27,150368625868357
31,7032683844176; 27,36530632365089
31,70277313626603; 27,257342226608053
31,702277888114455; 27,149378129565214
31,774088870092488; 27,364315827347745
31,773593621940915; 27,256351730304907
31,77309837378934; 27,148387633262068
31,84490935576738; 27,3633253310446
31,84441410761581; 27,25536123400176
31,843918859464235; 27,147397136958922
31,915729841442268; 27,362334834741453
31,915234593290695; 27,254370737698615
31,91473934513912; 27,146406640655776
31,98655032711716; 27,361344338438307
31,986055078965588; 27,25338024139547
31,985559830814015; 27,14541614435263
32,057370812792044; 27,360353842135165
32,05687556464048; 27,252389745092326
32,0563803164889; 27,144425648049488
32,128191298466945; 27,35936334583202
32,127696050315365; 27,25139924878918
32,12732461420168; 27,17042617600705
32,199259408217614; 27,412354898050292
32,19876416006605; 27,304390801007454
32,19833081793341; 27,20992221609497
32,27032751796828; 27,465346450268566
32,26983226981672; 27,357382353225727
32,26933702166514; 27,24941825618289
32,341148003643184; 27,46435595396542
32,340652755491604; 27,35639185692258
32,34028131937792; 27,275418784140452
32,41196848931807; 27,463365457662274
32,41147324116649; 27,355401360619435
32,41103989903387; 27,26093277570695
32,48266516295507; 27,435383937098422
32,48216991480349; 27,327419840055583
32,48173657267087; 27,2329512551431
32,55336183659206; 27,407402416534566
32,552866588440494; 27,299438319491728
32,55249515232681; 27,2184652467096
32,62418232226695; 27,40641192023142
32,62368707411538; 27,29844782318858
32,6233156380017; 27,217474750406453
32,69500280794183; 27,405421423928274
32,69450755979027; 27,297457326885436
32,694136123676586; 27,216484254103307
32,765823293616734; 27,40443092762513
32,76532804546517; 27,29646683058229
32,76489470333253; 27,201998245669806
32,83664377929162; 27,403440431321986
32,836148531140054; 27,295476334279147
32,835653282988474; 27,18751223723631
32,90746426496651; 27,40244993501884
32,90696901681494; 27,294485837976
32,90659758070126; 27,213512765193872
32,97853237471719; 27,455441487237113
32,97803712656561; 27,347477390194275
32,977541878414044; 27,239513293151436
33,04935286039208; 27,454450990933967
33,0488576122405; 27,34648689389113
33,048486176126815; 27,265513821109
33,120420970142746; 27,50744254315224
33,11992572199118; 27,399478446109402
33,119492379858556; 27,30500986119692
33,19124145581763; 27,506452046849095
33,190746207666066; 27,398487949806256
33,190374771552385; 27,317514877024127
33,267963648632104; 27,505379009187354
33,26144288130307; 27,370506429242404
33,24349013580856; 27,31677200479677
33,3331300512432; 27,558453102764226
33,332634803091636; 27,450489005721387
33,332139554940056; 27,34252490867855
33,4039505369181; 27,55746260646108
33,40345528876652; 27,44949850941824
33,40296004061496; 27,341534412375402
33,47477102259299; 27,556472110157934
33,47427577444141; 27,448508013115095
33,47378052628984; 27,340543916072257
33,545591508267876; 27,555481613854788
33,54509626011631; 27,44751751681195
33,54460101196473; 27,33955341976911
33,61641199394276; 27,554491117551645
33,615916745791196; 27,446527020508807
33,615421497639616; 27,338562923465968
33,68723247961765; 27,5535006212485
33,68673723146608; 27,44553652420566
33,6862419833145; 27,337572427162822
33,75805296529255; 27,552510124945353
33,75755771714097; 27,444546027902515
33,7570624689894; 27,336581930859676
33,828873450967436; 27,551519628642207
33,828378202815856; 27,44355553159937
33,82788295466429; 27,33559143455653
33,89969393664232; 27,55052913233906
33,899198688490756; 27,442565035296223
33,89876534635813; 27,34809645038374
33,976416129456794; 27,54945609467732
33,969895362127744; 27,414583514732367
33,95194261663323; 27,360849090286735
34,04158253206789; 27,602530188254192
34,04108728391631; 27,494566091211354
34,040592035764746; 27,386601994168515
34,11830472488235; 27,601457150592452
34,111783957553314; 27,4665845706475
34,11135061542069; 27,372115985735014
34,18347112749346; 27,65453124416932
34,18297587934188; 27,54656714712648
34,182480631190316; 27,438603050083643
34,164404073657906; 27,3578776013773
34,25429161316835; 27,653540747866174
34,25379636501677; 27,545576650823335
34,2533011168652; 27,437612553780497
34,325112098843235; 27,652550251563028
34,32461685069167; 27,54458615452019
34,32412160254009; 27,43662205747735
34,39593258451812; 27,651559755259886
34,395437336366555; 27,543595658217047
34,394942088214975; 27,43563156117421
34,46700069426879; 27,70455130747816
34,466505446117225; 27,59658721043532
34,466010197965645; 27,48862311339248
34,46563876185198; 27,407650040610353
34,53782117994369; 27,703560811175013
34,53732593179211; 27,595596714132174
34,536830683640545; 27,487632617089336
34,536459247526864; 27,406659544307207
34,60864166561858; 27,702570314871867
34,608146417467; 27,59460621782903
34,60765116931543; 27,48664212078619
34,589574611783036; 27,405916672079847
34,67921452721768; 27,6475977700473
34,678719279066115; 27,539633673004463
34,678347842952434; 27,458660600222334
34,75003501289257; 27,646607273744156
34,749539764741; 27,538643176701317
34,74910642260838; 27,444174591788833
34,82085549856747; 27,645616777441013
34,82036025041589; 27,537652680398175
34,81986500226432; 27,429688583355336
34,891675984242355; 27,644626281137867
34,891180736090774; 27,53666218409503
34,89068548793921; 27,42869808705219
34,96249646991724; 27,64363578483472
34,962001221765675; 27,535671687791883
34,96162978565199; 27,454698615009754
35,03921866273171; 27,64256274717298
35,03269789540266; 27,507690167228027
35,01474514990815; 27,453955742782394
35,10438506534281; 27,69563684074985
35,10388981719123; 27,58767274370701
35,10345647505861; 27,493204158794526
35,1752055510177; 27,694646344446706
35,17471030286612; 27,586682247403868
35,17433886675245; 27,50570917462174
35,246026036692584; 27,69365584814356
35,245530788541004; 27,585691751100722
35,245159352427336; 27,504718678318593
35,322748229507056; 27,69258281048182
35,316227462178006; 27,557710230536866
35,29827471668351; 27,503975806091233
35,387914632118154; 27,745656904058688
35,387419383966574; 27,63769280701585
35,38698604183395; 27,543224222103365
35,45873511779304; 27,744666407755542
35,458239869641474; 27,636702310712703
35,45780652750885; 27,54223372580022
35,52943179143004; 27,71668488719169
35,52893654327846; 27,60872079014885
35,52850320114584; 27,514252205236367
35,60012846506703; 27,688703366627834
35,599633216915464; 27,580739269584996
35,59926178080178; 27,499766196802867
35,670948950741916; 27,687712870324688
35,67045370259035; 27,57974877328185
35,66995845443877; 27,47178467623901
35,74176943641682; 27,686722374021542
35,74127418826524; 27,578758276978704
35,74090275215157; 27,497785204196575
35,8125899220917; 27,685731877718396
35,81209467394012; 27,577767780675558
35,811723237826456; 27,49679470789343
35,88341040776659; 27,68474138141525
35,88291515961501; 27,57677728437241
35,88254372350134; 27,495804211590283
35,91931589875561; 27,792210230306516
35,954230893441476; 27,683750885112108
35,95373564528991; 27,57578678806927
35,95336420917623; 27,49481371528714
35,9901363844305; 27,791219734003374
36,02505137911636; 27,682760388808962
36,0245561309648; 27,574796291766123
36,0064795734324; 27,49407084305978
36,060956870105386; 27,790229237700228
36,09587186479126; 27,681769892505816
36,09537661663968; 27,573805795462977
36,13177735578027; 27,78923874139708
36,16669235046615; 27,68077939620267
36,16619710231457; 27,57281529915983
36,20259784145516; 27,788248245093936
36,237512836141036; 27,679788899899524
36,23701758798947; 27,571824802856685
36,27932003426963; 27,787175207432195
36,30808569774014; 27,624816355074962
36,290009140207744; 27,544090906368616
36,34448643688073; 27,840249301009067
36,34399118872916; 27,732285203966228
36,37890618341504; 27,623825858771816
36,41530692255563; 27,83925880470592
36,41481167440405; 27,731294707663082
36,44972666908993; 27,62283536246867
36,486127408230516; 27,838268308402775
36,485632160078936; 27,730304211359936
36,52054715476481; 27,621844866165524
36,5569478939054; 27,83727781209963
36,556452645753836; 27,72931371505679
36,5913676404397; 27,62085436986238
36,62776837958029; 27,836287315796483
36,62727313142872; 27,728323218753644
36,662311938152484; 27,646854897819942
36,69883648933097; 27,889278868014756
36,69834124117939; 27,781314770971917
36,73325623586527; 27,67285542577751
36,76965697500586; 27,888288371711614
36,76916172685428; 27,780324274668775
36,804076721540156; 27,671864929474363
36,840477460680745; 27,887297875408468
36,83998221252918; 27,77933377836563
36,87489720721504; 27,670874433171218
36,91129794635563; 27,88630737910532
36,910802698204066; 27,778343282062483
36,94571769288993; 27,66988393686807
36,98211843203052; 27,885316882802176
36,98162318387895; 27,777352785759337
37,01666199060273; 27,695884464825635
37,0531865417812; 27,93830843502045
37,052691293629636; 27,83034433797761
37,0876062883155; 27,721884992783203
37,12400702745609; 27,937317938717307
37,12351177930452; 27,829353841674468
37,15848868000934; 27,73439000861041
37,20072922027056; 27,936244901055563
37,194208452941524; 27,801372321110613
37,26589562288166; 27,989318994632434
37,26540037473008; 27,881354897589596
37,26490512657851; 27,773390800546757
37,336716108556544; 27,988328498329288
37,33622086040498; 27,88036440128645
37,3357256122534; 27,77240030424361
37,40753659423143; 27,987338002026142
37,407041346079865; 27,879373904983304
37,40660800394724; 27,78490532007082
37,47835707990633; 27,986347505723
37,47786183175475; 27,87838340868016
37,477490395641084; 27,797410335898032
