2,4469181612038753; 0,010644998740237277
2,491238919810349; 0,03231292517006823
2,491238919810349; 0,021478961955152975
2,6685219542362395; 0,2110733182161757
2,6685219542362395; 0,20023935500126
2,6685219542362395; 0,18940539178634452
2,6685219542362395; 0,18127991937515775
3,0230880230880226; 0,1650289745527842
3,3481069195354918; 0,021478961955152975
3,333333333333333; 0,009290753338372593
3,436748436748437; 0,08106575963718843
3,42197485054628; 0,06752330561854425
3,42197485054628; 0,05668934240362855
3,42197485054628; 0,04720962459057754
3,3776540919398057; 0,03772990677752608
3,5106163677592255; 0,14065255731922433
3,5106163677592255; 0,12981859410430863
3,5106163677592255; 0,11898463088939337
3,5106163677592255; 0,10815066767447767
3,466295609152753; 0,09731670445956198
3,599257884972171; 0,19482237339380237
3,599257884972171; 0,18398841017888667
3,599257884972171; 0,17315444696397098
3,599257884972171; 0,16232048374905572
3,554937126365698; 0,15148652053414002
3,687899402185116; 0,2489921894683802
3,687899402185116; 0,23815822625346472
3,687899402185116; 0,22732426303854902
3,687899402185116; 0,217844545225498
3,6435786435786435; 0,20565633660871785
3,732220160791589; 0,28149407911312707
3,732220160791589; 0,2706601158982114
3,732220160791589; 0,2598261526832959
4,057239057239058; 0,37899974804736747
4,042465471036899; 0,3668115394305873
3,9981447124304266; 0,3573318216175363
3,9981447124304266; 0,3464978584026206
4,145880574452003; 0,40608465608465627
4,131106988249846; 0,39389644746787633
4,234522091664949; 0,42323843117493953
4,397031539888682; 0,4331695641219453
4,574314574314575; 0,43046107331821637
4,574314574314575; 0,4196271101033009
4,529993815708102; 0,41421012849584304
4,66295609152752; 0,40608465608465627
4,66295609152752; 0,3952506928697408
4,66295609152752; 0,3844167296548251
4,66295609152752; 0,3735827664399096
4,751597608740465; 0,360040312421265
4,751597608740465; 0,3492063492063495
4,751597608740465; 0,3383723859914338
4,751597608740465; 0,32753842277651835
4,751597608740465; 0,31670445956160265
4,751597608740465; 0,30587049634668717
4,751597608740465; 0,2950365331317715
4,751597608740465; 0,284202569916856
4,79591836734694; 0,2706601158982114
4,8402391259534125; 0,2598261526832959
4,8402391259534125; 0,2489921894683802
4,8402391259534125; 0,23815822625346472
4,884559884559885; 0,23003275384227795
4,884559884559885; 0,0783572688334595
5,903937332508762; 0,10273368606701982
5,903937332508762; 0,09189972285210413
5,9482580911152345; 0,12440161249685078
5,9482580911152345; 0,11356764928193552
6,03689960832818; 0,14606953892668217
6,03689960832818; 0,13523557571176648
6,435786435786436; 0,17044595616024205
6,435786435786436; 0,16232048374905572
6,568748711605855; 0,16232048374905572
6,9233147804576385; 0,15148652053414002
6,9233147804576385; 0,14065255731922433
7,011956297670584; 0,12981859410430863
7,011956297670584; 0,11898463088939337
7,011956297670584; 0,10815066767447767
7,0562770562770565; 0,09731670445956198
7,0562770562770565; 0,08648274124464628
7,0562770562770565; 0,07564877802973058
7,0562770562770565; 0,06616906021667956
7,144918573490002; 0,0512723607961707
7,144918573490002; 0,040438397581255
7,144918573490002; 0,029604434366339305
7,144918573490002; 0,01877047115142405
7,1892393320964745; 0,007936507936508352
8,252937538651825; 0,007936507936508352
8,65182436611008; 0,010644998740237277
8,843880986738128; 0,02238179222306247
8,7847866419295; 0,010644998740237277
8,96206967635539; 0,03231292517006823
9,050711193568336; 0,040438397581255
11,3997113997114; 0,08648274124464628
11,3997113997114; 0,0783572688334595
11,53267367553082; 0,08648274124464628
11,576994434137294; 0,07564877802973058
11,680409537552396; 0,06662047535063431
11,798598227169656; 0,0729402872260021
12,300900158043017; 0,09821953472747191
12,478183192468908; 0,11898463088939337
12,419088847660277; 0,10815066767447767
12,419088847660277; 0,1000251952632909
12,552051123479696; 0,14606953892668217
12,552051123479696; 0,13523557571176648
12,640692640692642; 0,18940539178634452
12,640692640692642; 0,17857142857142883
12,640692640692642; 0,16773746535651313
12,59637188208617; 0,15690350214159787
12,744107744107744; 0,23274124464600687
12,729334157905587; 0,21919879062736247
12,729334157905587; 0,20971907281431124
12,685013399299116; 0,20023935500126
12,83274926132069; 0,28149407911312707
12,817975675118532; 0,26795162509448245
12,817975675118532; 0,25711766187956697
12,773654916512061; 0,2489921894683802
12,921390778533638; 0,33024691358024727
12,906617192331481; 0,31670445956160265
12,906617192331481; 0,30587049634668717
12,906617192331481; 0,29639077853363593
12,995258709544427; 0,36816578483245177
12,995258709544427; 0,3573318216175363
12,995258709544427; 0,3464978584026206
13,083900226757372; 0,40066767447719864
13,083900226757372; 0,38983371126228294
13,083900226757372; 0,38035399344923193
13,187315330172474; 0,4223356009070298
13,128220985363843; 0,4115016376921141
13,349824778396208; 0,42504409171075874
13,349824778396208; 0,41421012849584304
13,45323988181131; 0,40066767447719864
13,438466295609153; 0,387125220458554
13,541881399024255; 0,3735827664399096
13,527107812822099; 0,360040312421265
13,630522916237204; 0,3464978584026206
13,571428571428573; 0,3383723859914338
13,71916443345015; 0,33024691358024727
13,704390847247993; 0,31941295036533157
13,89644746787604; 0,3627488032249939
13,881673881673883; 0,3492063492063495
13,881673881673883; 0,3383723859914338
13,837353123067409; 0,33024691358024727
13,837353123067409; 0,3221214411690605
13,970315398886829; 0,4223356009070298
13,970315398886829; 0,4115016376921141
13,970315398886829; 0,40066767447719864
13,970315398886829; 0,38983371126228294
13,970315398886829; 0,38035399344923193
14,073730502301931; 0,47650541698160764
14,058956916099774; 0,46296296296296324
14,058956916099774; 0,45212899974804754
14,058956916099774; 0,44129503653313207
14,014636157493303; 0,4331695641219453
14,14759843331272; 0,5360922146636435
14,14759843331272; 0,5252582514487278
14,14759843331272; 0,5144242882338124
14,14759843331272; 0,5035903250188967
14,14759843331272; 0,49411060720584565
14,251013536727822; 0,5902620307382214
14,236239950525665; 0,576719576719577
14,236239950525665; 0,5658856135046613
14,236239950525665; 0,5564058956916103
14,191919191919194; 0,546926177878559
14,33965505394077; 0,6498488284202573
14,324881467738614; 0,6363063744016126
14,324881467738614; 0,6254724111866972
14,324881467738614; 0,6146384479717815
14,28056070913214; 0,6065129755605949
14,413522984951559; 0,6986016628873775
14,413522984951559; 0,6877676996724618
14,413522984951559; 0,6769337364575461
14,413522984951559; 0,6660997732426306
14,502164502164504; 0,7419375157470398
14,502164502164504; 0,7311035525321241
14,502164502164504; 0,7202695893172086
14,45784374355803; 0,7094356261022929
14,605579605579607; 0,7852733686067022
14,59080601937745; 0,7717309145880575
14,59080601937745; 0,7622511967750065
14,546485260770975; 0,7527714789619553
14,679447536590395; 0,8123582766439912
14,679447536590395; 0,8015243134290755
14,76808905380334; 0,8340262030738224
14,76808905380334; 0,8245464852607711
14,72376829519687; 0,7933988410178887
14,871504157218443; 0,8457629965566473
15,03401360544218; 0,8448601662887378
15,03401360544218; 0,8353804484756868
15,21129663986807; 0,8313177122700934
15,21129663986807; 0,8218379944570422
15,403353260496118; 0,83944318468128
15,388579674293961; 0,8272549760645
15,34425891568749; 0,8204837490551777
15,477221191506906; 0,8773620559334847
15,477221191506906; 0,866528092718569
15,477221191506906; 0,8556941295036535
15,580636294922009; 0,9206979087931471
15,565862708719852; 0,9071554547745024
15,565862708719852; 0,896321491559587
15,521541950113381; 0,8881960191484002
15,6545042259328; 0,9694507432602673
15,6545042259328; 0,9586167800453516
15,6545042259328; 0,9477828168304361
15,6545042259328; 0,9383030990173848
15,743145743145746; 1,0127865961199296
15,743145743145746; 1,001952632905014
15,743145743145746; 0,9924729150919629
15,698824984539272; 0,9802847064751827
15,831787260358691; 1,056122448979592
15,831787260358691; 1,0452884857646763
15,831787260358691; 1,0358087679516252
15,787466501752217; 1,023620559334845
15,935202363773794; 1,0777903754094231
15,876108018965162; 1,0669564121945074
16,009070294784582; 1,0940413202317965
16,112485398199684; 1,1057781137146216
16,053391053391056; 1,0859158478206097
16,20112691541263; 1,1211262282690855
16,363636363636367; 1,1346686822877299
16,319315605029892; 1,1238347190728144
16,540919398062258; 1,1360229276895943
16,718202432488148; 1,1373771730914588
16,806843949701094; 1,1482111363063745
16,910259053116196; 1,1698790627362057
16,89548546691404; 1,1576908541194255
16,851164708307568; 1,1400856638951877
16,984126984126984; 1,1969639707734947
16,984126984126984; 1,186130007558579
17,072768501339933; 1,2294658604182414
17,072768501339933; 1,2186318972033257
17,072768501339933; 1,2091521793902746
17,16141001855288; 1,261967750062988
17,16141001855288; 1,2511337868480725
17,16141001855288; 1,2416540690350213
17,250051535765824; 1,2836356764928194
17,250051535765824; 1,2741559586797682
17,35346663918093; 1,3053036029226506
17,294372294372295; 1,294469639707735
17,427334570191714; 1,321554547745024
17,51597608740466; 1,3323885109599396
17,604617604617605; 1,3242630385487528
17,693259121830554; 1,3296800201562107
17,7819006390435; 1,316137566137566
17,8853157424586; 1,30620643319056
18,062598776884496; 1,3224573780129334
18,00350443207586; 1,3107205845301082
18,00350443207586; 1,3025951121189216
18,15124029409744; 1,3378054925673974
18,225108225108226; 1,3540564373897706
18,31374974232117; 1,3648904006046862
18,2694289837147; 1,345930964978584
18,40239125953412; 1,375724363819602
18,505806362949222; 1,3874611573024271
18,57967429396001; 1,4028092718568907
18,683089397375117; 1,414546065339716
18,62399505256648; 1,3946837994457042
18,771730914588062; 1,42989417989418
18,845598845598847; 1,446145124716553
18,934240362811792; 1,4569790879314688
18,88991960420532; 1,4380196523053665
19,022881880024737; 1,4678130511463845
19,111523397237686; 1,4786470143613
19,288806431663577; 1,4786470143613
19,377447948876522; 1,4678130511463845
19,377447948876522; 1,4583333333333333
19,466089466089468; 1,4502078609221467
19,554730983302413; 1,4407281431090955
19,554730983302413; 1,4312484252960442
19,64337250051536; 1,4231229528848575
19,732014017728304; 1,4136432350718064
19,732014017728304; 1,4041635172587554
19,83542912114341; 1,3937809691777945
19,95361781076067; 1,3919753086419753
19,997938569367143; 1,3811413454270598
20,08658008658009; 1,370307382212144
20,175221603793034; 1,3594734189972284
20,26386312100598; 1,348639455782313
20,352504638218925; 1,3350970017636685
20,308183879612454; 1,3296800201562107
20,441146155431873; 1,318846056941295
20,441146155431873; 1,3080120937263793
20,544561258846976; 1,294469639707735
20,618429189857764; 1,282281431090955
20,810485810485815; 1,284538506760729
20,89912732769876; 1,3007894515831024
20,987768844911706; 1,3170403964054758
21,06163677592249; 1,3323885109599396
21,165051879337597; 1,3441253044427648
21,32756132756133; 1,3540564373897706
21,283240568954856; 1,345930964978584
21,430976430976436; 1,3657932308725957
21,51961794818938; 1,3811413454270598
21,608259465402327; 1,3973922902494331
21,696900982615272; 1,4136432350718064
21,770768913626057; 1,42989417989418
21,859410430839006; 1,4407281431090955
22,036693465264896; 1,4447908793146889
22,228750085892948; 1,4524649365919207
22,169655741084316; 1,4434366339128244
22,317391603105893; 1,468715881414294
22,40603312031884; 1,4849668262366675
22,494674637531784; 1,5012177710590409
22,568542568542572; 1,5165658856135047
22,671957671957674; 1,5283026790963299
22,834467120181408; 1,5382338120433356
22,790146361574934; 1,530108339632149
23,0117501546073; 1,5382338120433356
23,115165258022405; 1,5273998488284202
23,189033189033193; 1,5111489040060468
23,189033189033193; 1,5003149407911311
23,189033189033193; 1,4908352229780801
23,277674706246138; 1,4786470143613
23,277674706246138; 1,4678130511463845
23,277674706246138; 1,4583333333333333
23,366316223459084; 1,446145124716553
23,366316223459084; 1,4353111615016376
23,366316223459084; 1,4258314436885864
23,45495774067203; 1,4109347442680775
23,45495774067203; 1,4001007810531618
23,410636982065554; 1,3946837994457042
23,558372844087135; 1,3865583270345176
23,4992784992785; 1,3784328546233309
23,735655878513025; 1,4028092718568907
23,676561533704394; 1,3919753086419753
23,676561533704394; 1,3811413454270598
23,82429739572597; 1,42989417989418
23,80952380952381; 1,4177059712773998
23,912938912938916; 1,446145124716553
23,986806843949704; 1,4623960695389266
24,07544836116265; 1,451562106324011
24,11976911976912; 1,4623960695389266
24,164089878375595; 1,4407281431090955
24,208410636982066; 1,451562106324011
24,25273139558854; 1,42989417989418
24,25273139558854; 1,4190602166792643
24,341372912801486; 1,4082262534643486
24,341372912801486; 1,3987465356512976
24,43001443001443; 1,3865583270345176
24,518655947227376; 1,375724363819602
24,607297464440325; 1,3689531368102796
24,799354085068373; 1,3766271940875114
24,976637119494267; 1,3874611573024271
24,917542774685636; 1,3784328546233309
25,139146567717997; 1,4028092718568907
25,094825809111526; 1,3919753086419753
25,242561671133103; 1,414546065339716
25,405071119356837; 1,4190602166792643
25,508486222771943; 1,410031914000168
25,670995670995673; 1,4082262534643486
25,715316429602147; 1,4001007810531618
25,848278705421563; 1,4082262534643486
26,025561739847458; 1,4136432350718064
26,20284477427335; 1,4136432350718064
26,291486291486294; 1,4028092718568907
26,38012780869924; 1,3919753086419753
26,468769325912184; 1,3811413454270598
26,55741084312513; 1,373015873015873
26,64605236033808; 1,3811413454270598
26,690373118944553; 1,373015873015873
26,83810898096613; 1,392878138909885
26,779014636157495; 1,3811413454270598
27,00061842918986; 1,3973922902494331
27,17790146361575; 1,3973922902494331
27,35518449804164; 1,3973922902494331
27,45859960145675; 1,409129083732258
27,532467532467532; 1,4244771982867221
27,62110904968048; 1,4353111615016376
27,576788291074006; 1,4163517258755354
27,724524153095583; 1,4470479549844628
27,842712842712846; 1,451562106324011
27,88703360131932; 1,4407281431090955
27,88703360131932; 1,4312484252960442
27,990448704734423; 1,4190602166792643
28,06431663574521; 1,4028092718568907
28,06431663574521; 1,3933295540438397
28,167731739160313; 1,3811413454270598
28,256373256373262; 1,3666960611405057
28,418882704596992; 1,375724363819602
28,418882704596992; 1,3662446460065507
28,50752422180994; 1,3865583270345176
28,596165739022883; 1,3973922902494331
28,55184498041641; 1,3784328546233309
28,699580842437992; 1,409129083732258
28,862090290661722; 1,4163517258755354
28,862090290661722; 1,4082262534643486
28,99505256648114; 1,4082262534643486
29,039373325087613; 1,3973922902494331
29,128014842300562; 1,3865583270345176
29,216656359513504; 1,375724363819602
29,408712980141555; 1,3766271940875114
29,482580911152343; 1,3919753086419753
29,571222428365285; 1,4028092718568907
29,526901669758818; 1,3838498362307887
29,674637531780395; 1,414546065339716
29,837146980004125; 1,4190602166792643
29,925788497217074; 1,412288989669942
30,103071531642964; 1,4082262534643486
30,295128152271015; 1,4199630469471738
30,23603380746238; 1,4082262534643486
30,472411186696906; 1,4362139917695473
30,41331684188827; 1,4244771982867221
30,634920634920636; 1,4380196523053665
30,59059987631416; 1,4326026706979087
30,723562152133585; 1,4244771982867221
30,826977255548687; 1,4154488956076259
30,989486703772418; 1,4055177626606197
30,989486703772418; 1,3973922902494331
31,344052772624206; 1,3811413454270598
31,536109393252257; 1,3820441756949693
31,713392427678148; 1,392878138909885
31,654298082869513; 1,3838498362307887
31,875901875901878; 1,4028092718568907
31,831581117295404; 1,3946837994457042
32,053184910327765; 1,4001007810531618
32,00886415172129; 1,3946837994457042
32,230467944753656; 1,3919753086419753
32,407750979179546; 1,3865583270345176
32,585034013605444; 1,3784328546233309
32,68844911702055; 1,3666960611405057
32,8066378066378; 1,3648904006046862
32,85095856524428; 1,3540564373897706
32,939600082457225; 1,343222474174855
33,02824159967017; 1,3364512471655328
33,22029822029822; 1,338708322835307
33,382807668521956; 1,345930964978584
33,560090702947846; 1,348639455782313
33,73737373737374; 1,348639455782313
33,91465677179963; 1,343222474174855
34,09193980622552; 1,3378054925673974
34,26922284065141; 1,3405139833711264
34,4465058750773; 1,3594734189972284
34,4465058750773; 1,3499937011841774
34,40218511647083; 1,3405139833711264
34,53514739229025; 1,370307382212144
34,63856249570535; 1,3820441756949693
34,57946815089672; 1,3621819098009573
34,80107194392909; 1,3838498362307887
34,756751185322614; 1,3784328546233309
34,88971346114203; 1,370307382212144
34,88971346114203; 1,360827664399093
34,99312856455714; 1,348639455782313
35,08177008177008; 1,3323885109599396
35,02267573696145; 1,3242630385487528
35,15563801278087; 1,316137566137566
35,24427952999382; 1,309366339128244
35,42156256441971; 1,321554547745024
35,377241805813235; 1,3107205845301082
35,51020408163265; 1,3323885109599396
35,61361918504776; 1,3441253044427648
35,77612863327149; 1,3540564373897706
35,731807874665016; 1,345930964978584
35,95341166769738; 1,348639455782313
36,13069470212327; 1,3405139833711264
36,0863739435168; 1,3350970017636685
36,21933621933622; 1,3269715293524817
36,30797773654916; 1,316137566137566
36,30797773654916; 1,3053036029226506
36,39661925376211; 1,294469639707735
36,39661925376211; 1,2849899218946836
36,48526077097505; 1,2728017132779037
36,48526077097505; 1,261967750062988
36,573902288188; 1,2511337868480725
36,573902288188; 1,2416540690350213
36,677317391603104; 1,2312715209540608
36,83982683982684; 1,2348828420256992
36,79550608122037; 1,2267573696145124
36,943241943241944; 1,2466196355085244
37,01710987425273; 1,261967750062988
37,105751391465674; 1,2728017132779037
37,06143063285921; 1,2538422776518015
37,19439290867862; 1,2836356764928194
37,297808012093725; 1,2953724699756446
37,46031746031746; 1,3053036029226506
37,59327973613688; 1,3080120937263793
4,848484848484849; 0,2283950617283954
4,848484848484849; 0,22222222222222254
4,848484848484849; 0,2098765432098768
4,848484848484849; 0,19135802469135843
4,898989898989899; 0,17283950617283983
4,898989898989899; 0,1604938271604941
4,898989898989899; 0,13580246913580307
4,949494949494951; 0,1234567901234569
4,949494949494951; 0,09567901234567966
4,949494949494951; 0,0740740740740744
4,949494949494951; 0,06172839506172867
4,949494949494951; 0,04938271604938338
5,050505050505051; 0,027777777777778123
5,101010101010101; 0,009259259259259522
5,707070707070707; 0,08024691358024727
5,707070707070707; 0,06790123456790154
5,707070707070707; 0,05246913580246959
5,707070707070707; 0,037037037037037646
5,656565656565657; 0,012345679012346178
12,171717171717173; 0,092592592592593
11,91919191919192; 0,08641975308642014
