2,81145243051502; 1,4353535010965657
3,348685214012322; 1,430492437088788
4,353034598991568; 1,3770207330032334
4,284379170768199; 1,3551459449682337
4,553320174470622; 1,3575764769721224
4,690793336894254; 1,4037565850460105
4,8225857901268245; 1,364868072983789
5,027415932958727; 1,413478713061566
5,096071361182096; 1,4353535010965657
5,2278638144146665; 1,3964649890343441
5,363551611092538; 1,415909245065455
5,631194166979862; 1,398895521038233
5,768018105495942; 1,4353535010965657
5,762824314235546; 1,3575764769721224
5,900459782636064; 1,4061871170498994
6,0320899298917485; 1,364868072983789
6,169725398292266; 1,413478713061566
6,169238480361605; 1,4061871170498994
6,306224724854571; 1,4450756291121212
6,439153319925351; 1,4232008410771215
6,572731138903682; 1,4110481810576772
6,638465059543082; 1,3891733930226775
6,839075246975915; 1,3745902009993445
7,107042414817014; 1,3624375409799
7,245651719078856; 1,4256313730810104
7,24337943540243; 1,3916039250265664
7,378742620126525; 1,4061871170498994
7,647359011875176; 1,4037565850460105
7,784507562345032; 1,4450756291121212
7,778826853153971; 1,3600070089760112
7,9154884856931655; 1,3940344570304553
8,04695632697196; 1,350284880960456
8,046469409041299; 1,3429932849487893
8,0438725134111; 1,3041047728865678
8,182319511696056; 1,364868072983789
8,17891108618142; 1,313826900902123
8,584351416446149; 1,347854348956567
8,582403744723502; 1,3186879649099008
8,92113631848751; 1,3600070089760112
8,986058709242473; 1,3259795609215674
9,118987304313256; 1,3041047728865678
9,391012121576539; 1,3527154129643448
9,527349142161958; 1,3818817970110109
9,523616104693547; 1,3259795609215674
9,663036938839829; 1,4013260530421219
9,660115431255855; 1,3575764769721224
9,795803227933723; 1,3770207330032334
10,064906537613036; 1,3818817970110109
10,331088339708378; 1,3429932849487893
10,468561502132006; 1,3891733930226775
10,46320540489472; 1,3089658368943455
10,737340199857544; 1,3891733930226775
10,731984102620258; 1,3089658368943455
11,002872778045331; 1,3405627529449005
11,140508246445853; 1,3891733930226775
11,140021328515191; 1,3818817970110109
11,271002251863324; 1,3308406249293452
11,538969419704424; 1,3186879649099008
11,672547238682755; 1,3065353048904567
11,80937117719884; 1,3429932849487893
11,803690468007778; 1,2579246648126796
11,940676712500744; 1,2968131768749012
12,073605307571528; 1,2749383888399015
12,206371596665422; 1,250633068801013
12,343682453112164; 1,2943826448710123
12,34205939334329; 1,2700773248321238
12,608728113369294; 1,2384804087815688
12,745389745908488; 1,2725078568360126
12,88205137844768; 1,3065353048904567
13,013519219726474; 1,2627857288204571
13,013032301795812; 1,2554941328087907
13,078847375423654; 1,2348346107757355
13,285381731012874; 1,3089658368943455
13,35014181579095; 1,2725078568360126
13,347382614183863; 1,2311888127699022
13,420907221713856; 1,3259795609215674
13,482258880977293; 1,2384804087815688
13,554160428738411; 1,3089658368943455
13,61794667765516; 1,2579246648126796
13,617378606736056; 1,2494178027990686
13,690822061277606; 1,3429932849487893
13,68741363576297; 1,2919521128671234
13,823912962325275; 1,3235490289176786
13,819043783018651; 1,250633068801013
13,95554310958096; 1,2822299848515681
14,088958622582405; 1,267646792828235
14,155504073106238; 1,2579246648126796
14,087173256836644; 1,2409109407854575
14,358061932261718; 1,2725078568360126
14,495697400662232; 1,3211184969137897
14,489854385494285; 1,233619344773791
14,627489853894806; 1,2822299848515681
14,625866794125931; 1,2579246648126796
14,692249938672878; 1,2457720047932352
14,761067672873137; 1,2700773248321238
14,961190942375305; 1,2482025367971241
15,030495594506226; 1,2797994528476793
15,095174526295855; 1,242126206787402
15,251448131042276; 1,2344295221084207
15,567403766049752; 1,2700773248321238
15,563508422604455; 1,2117445567387914
15,700981585028083; 1,2579246648126796
15,700332361120536; 1,2482025367971241
15,697248547559672; 1,202022428723236
15,835857851821514; 1,265216260824346
16,05751371425741; 1,2303786354352724
16,10317579575507; 1,2433414727893464
16,239512816340486; 1,2725078568360126
16,236429002779623; 1,2263277487621245
16,507642290158472; 1,2627857288204571
16,640408579252366; 1,2384804087815688
16,70703518276465; 1,2299735467679578
16,840694154731423; 1,2190361527504578
16,840126083812322; 1,210529290736847
16,978491929108827; 1,2700773248321238
17,1321956892212; 1,2238972167582356
17,041953566071804; 1,2141750887426803
17,04146664814114; 1,2068834927310137
17,18072517631054; 1,2797994528476793
17,17812828068034; 1,2409109407854575
17,31365377138132; 1,2579246648126796
17,37808924420562; 1,216605620746569
17,377440020298067; 1,2068834927310137
17,30992073391291; 1,202022428723236
17,581945551176197; 1,250633068801013
17,646867941931156; 1,216605620746569
17,646218718023604; 1,2068834927310137
17,71730873590029; 1,265216260824346
17,779796537001936; 1,1947308327115693
17,852996532578153; 1,284660516855457
17,850399636947955; 1,2457720047932352
17,913374355980267; 1,1825781726921252
17,98527590374139; 1,2530636008049019
18,12177523030369; 1,284660516855457
18,11706835697396; 1,2141750887426803
18,181503829798253; 1,1728560446765697
18,181016911867594; 1,1655644486649033
18,253405377559375; 1,2433414727893464
18,386333972630155; 1,2214666847543467
18,38357477102307; 1,1801476406882363
18,45003906855846; 1,1692102466707364
18,653327304609938; 1,1947308327115693
18,71841200134179; 1,1631339166610144
18,788203571403372; 1,202022428723236
18,98840799389398; 1,1813629066901807
19,00980533184697; 1,166374625999533
18,919671412682163; 1,1582728526532367
19,19169622994545; 1,2068834927310137
19,18812549845393; 1,153411788645459
19,460150315717215; 1,202022428723236
19,52320618773797; 1,1400438626240703
19,59259199285733; 1,1728560446765697
19,591131239065348; 1,15098125664157
19,72892901344275; 1,202022428723236
19,72503366999745; 1,1436896606299036
19,86559064598194; 1,23604987677768
19,92588731639561; 1,1327522666124037
19,997383099214517; 1,1971613647154582
20,133557813823046; 1,2238972167582356
20,12722788072444; 1,1291064686065704
20,26583718498628; 1,1923003007076804
20,39584427247309; 1,1266759366026815
20,535427412596256; 1,2044529607271248
20,53494049466559; 1,1971613647154582
20,527961337659434; 1,0926484885482377
20,796253117454313; 1,085356892536571
21,0038424618933; 1,1752865766804586
20,93470011573926; 1,1461201926337923
21,0012455662631; 1,136398064618237
21,022399445250763; 1,1177639859217559
20,932103220109063; 1,1072316805715707
21,203965731395463; 1,153411788645459
21,20153114174215; 1,1169538085871262
21,268157745254427; 1,1084469465735152
21,33705663244313; 1,1339675326143481
21,424323146016263; 1,0991299072252745
21,54042602148305; 1,1607033846571255
21,560010942694134; 1,1185741632563853
21,60307612856159; 1,0926484885482377
21,60258921063093; 1,085356892536571
21,735680111678597; 1,0659126365054603
21,940347948533613; 1,1120927445793485
21,93986103060295; 1,1048011485676819
22,00316036158904; 1,0464683804743495
22,205393608790736; 1,0561905084899048
22,27908052229762; 1,153411788645459
22,27534748482921; 1,0975095525560155
22,274860566898546; 1,0902179565443488
22,273075201152785; 1,0634821045015714
22,412820647252836; 1,1436896606299036
22,404218430477805; 1,0148714644237944
22,403569206570253; 1,005149336408239
22,61067163307858; 1,08778742454046
22,6773793895793; 1,0804958285287933
22,814041022118495; 1,1145232765832374
22,808360312927434; 1,0294546564471274
22,807873394996776; 1,022163060435461
22,944372721559084; 1,053759976486016
23,010918172082917; 1,0440378484704607
23,081845883982716; 1,099940084559904
23,080547436167613; 1,0804958285287933
23,077625928583643; 1,036746252458794
23,279696869808454; 1,0440378484704607
23,413599300740565; 1,036746252458794
23,484040094709698; 1,085356892536571
23,549855168337537; 1,0646973705035159
23,548962485464656; 1,051329444482127
23,750221896805037; 1,0464683804743495
23,88558508152913; 1,0610515724976826
23,883962021760254; 1,036746252458794
24,084896821146856; 1,0270241244432388
24,151279965693803; 1,0148714644237944
24,217825416217636; 1,005149336408239
24,421194805257556; 1,0318851884510163
24,55607107205099; 1,039176784462683
24,553311870443906; 0,9978577403965725
24,69224578665952; 1,0659126365054603
24,68899966712177; 1,0173019964276833
24,755382811668717; 1,005149336408239
24,82403823989209; 1,0270241244432388
24,889122936623934; 0,9954272083926836
24,960375260477505; 1,0561905084899048
25,092492325663855; 1,022163060435461
25,088921594172326; 0,9686913563499062
25,225745532688407; 1,005149336408239
25,29229098321224; 0,9954272083926836
25,291804065281582; 0,988135612381017
25,493388088575735; 0,988135612381017
25,6290758852536; 1,0075798684121278
25,764114458023926; 1,0173019964276833
25,82903684877889; 0,9832745483732392
25,897367665048485; 1,0002882724004614
25,96375080959543; 0,988135612381017
26,03013395414238; 0,9759829523615728
26,09667940466621; 0,9662608243460173
26,165334832889585; 0,988135612381017
26,230744141575208; 0,9613997603382396
26,298588039914144; 0,9711218883537951
26,43167894096181; 0,9516776323226843
26,570125939246765; 1,0124409324199055
26,563146782240608; 0,907928056252685
26,701106862594898; 0,9613997603382396
26,838417719041637; 1,005149336408239
26,83793080111098; 0,9978577403965725
26,83143856203548; 0,9006364602410184
26,96891172445911; 0,9468165683149066
27,10800794665161; 1,0173019964276833
27,102814155391215; 0,93952497230324
27,240611929768626; 0,9905661443849059
27,235255832531344; 0,9103585882565737
27,439193292490366; 0,9456013023129621
27,50403453025688; 0,9103585882565737
27,64085846877296; 0,9468165683149066
27,775897041543274; 0,9565386963304621
27,97407263932279; 0,9054975242487961
28,043377291453716; 0,9370944402993511
28,10878660013934; 0,9103585882565737
28,179876618016017; 0,9686913563499062
28,242526725094557; 0,9006364602410184
28,399855318690747; 0,9087382335873146
28,58077238092791; 0,9346639082954622
28,646668607544193; 0,9152196522643514
28,716460177605775; 0,9541081643265732
28,71451250588313; 0,9249417802799069
28,850200302560992; 0,9443860363110177
28,91496038733907; 0,907928056252685
28,98556348728509; 0,9589692283343507
29,115732880748787; 0,8957753962332407
29,25353065512619; 0,9468165683149066
29,24671380409692; 0,8447342241515747
29,384836190428096; 0,9006364602410184
29,5187386213602; 0,8933448642293518
29,585202918895597; 0,8824074702118521
29,58463484797649; 0,873900608198241
29,64907032080079; 0,8325815641321306
29,916875182665002; 0,8179983721087973
30,05272528531976; 0,8398731601437972
30,389185575407346; 0,8471647561554636
30,595314166054344; 0,9152196522643514
30,86376825182611; 0,9103585882565737
30,859548296427036; 0,8471647561554636
30,995723011035565; 0,873900608198241
31,19535936260707; 0,8447342241515747
31,531981958671544; 0,8544563521671302
31,73551365368835; 0,8836227362137965
31,6678320613263; 0,8763311402021299
31,799949126512644; 0,8423036921476859
32,003886586471666; 0,8775464062040743
32,270393000520784; 0,8435189581496303
32,474005848526026; 0,873900608198241
32,47059742301139; 0,8228594361165751
32,607745973481244; 0,8641784801826855
32,606609831643034; 0,8471647561554636
32,74392068808977; 0,8909143322254629
32,8750639174148; 0,8423036921476859
33,013023997769096; 0,8957753962332407
33,006694064670484; 0,8009846480815754
33,006207146739825; 0,7936930520699088
33,21184881945616; 0,8544563521671302
33,13962265974126; 0,7791098600465758
33,34583240337671; 0,848380022157408
33,41018672321257; 0,8058457120893532
33,54701066172864; 0,8423036921476859
33,749243908930346; 0,8520258201632414
33,74689047226548; 0,8167831061068529
33,95050332027073; 0,8471647561554636
34,01315342734926; 0,7791098600465758
34,08391883327217; 0,8325815641321306
34,21587359248163; 0,7961235840737977
34,3515613891595; 0,8155678401049087
34,487086879860485; 0,8325815641321306
34,48513920813783; 0,8034151800854643
34,6208270048157; 0,8228594361165751
34,75716402540112; 0,8520258201632414
34,960371108464145; 0,8763311402021299
34,88928109058747; 0,8179983721087973
35,09135203181228; 0,825289968120464
35,16081898992009; 0,859317416174908
35,29439680889842; 0,8471647561554636
35,29261144315266; 0,8204289041126862
35,42651387408476; 0,8131373081010198
35,563175506623956; 0,8471647561554636
35,69594179571785; 0,8228594361165751
35,78472316507526; 0,8107067760971309
35,759403432680834; 0,7669572000271316
35,89574045326625; 0,7961235840737977
36,03077902603657; 0,8058457120893532
36,02948057822147; 0,7864014560582424
35,96017592609055; 0,7548045400076873
36,0973244765604; 0,7961235840737977
36,233823803122704; 0,8277205001243528
36,22960384772363; 0,7645266680232428
36,36577856233216; 0,7912625200660202
36,500654829125594; 0,7985541160776866
36,63731646166479; 0,8325815641321306
36,770731974666234; 0,8179983721087973
36,971017550145284; 0,7985541160776866
37,30926320597864; 0,8325815641321306
37,44154257714187; 0,8009846480815754
37,440893353234316; 0,7912625200660202
37,44024412932677; 0,7815403920504647
37,71226894659006; 0,8301510321282417
37,91174299218467; 0,7985541160776866
37,844223705799514; 0,7936930520699088
37,8430875639613; 0,7766793280426869
38,10991858996419; 0,7475129439960206
38,31450527383076; 0,7924777860679646
38,245444080665166; 0,7645266680232428
38,47067067459259; 0,7831607467197239
38,649748269091695; 0,7815403920504647
38,64926135116103; 0,774248796038798
38,64828751529971; 0,759665604015465
38,92031233256299; 0,8082762440932421
39,05340323361066; 0,7888319880621313
39,1419140930066; 0,772628441369539
39,051780173841784; 0,7645266680232428
39,38888968783692; 0,7815403920504647
39,657506079585566; 0,7791098600465758
39,58998679320041; 0,774248796038798
39,92587901236889; 0,7730335300368536
40,19522578101354; 0,7815403920504647
40,127381882674605; 0,7718182640349092
40,33010204780697; 0,7888319880621313
40,46351756080841; 0,774248796038798
40,59717653277519; 0,7633114020212983
40,86603638348917; 0,7645266680232428
40,79851709710401; 0,759665604015465
40,9996142024675; 0,7523740080037984
41,13359778638805; 0,7462976779940762
41,29176496086483; 0,7669572000271316
41,20152283771543; 0,7572350720115761
41,427182247581214; 0,7823505693850943
41,60631394407262; 0,7815403920504647
41,605664720165066; 0,7718182640349092
41,6722101706889; 0,7620961360193539
41,80611260162101; 0,7548045400076873
41,96409041912475; 0,772628441369539
41,87379419398305; 0,7620961360193539
42,21033563705908; 0,7706029980329647
42,411676201387905; 0,7669572000271316
42,47822165191174; 0,7572350720115761
42,77010190034758; 0,7677673773617613
42,67980567520589; 0,7572350720115761
42,94955820879276; 0,7718182640349092
43,01610365931659; 0,7620961360193539
43,14984378427181; 0,7523740080037984
43,14935686634115; 0,745082411992132
43,44204864466143; 0,7677673773617613
43,35175241951974; 0,7572350720115761
43,351265501589076; 0,7499434759999095
43,68788809765355; 0,759665604015465
43,95634218342531; 0,7548045400076873
43,88882289704015; 0,7499434759999095
44,089920002403645; 0,7426518799882431
44,089351931484536; 0,734145017974632
44,38207076080097; 0,7572350720115761
44,29182863765157; 0,7475129439960206
44,291341719720904; 0,7402213479843542
44,560931947330886; 0,7523740080037984
44,62731509187783; 0,7402213479843542
44,626828173947175; 0,7329297519726876
44,91870842238302; 0,7434620573228727
44,82841219724133; 0,7329297519726876
45,032268504211906; 0,7669572000271316
45,031619280304355; 0,7572350720115761
45,165440558248015; 0,7487282099979651
45,30039797802989; 0,7572350720115761
45,29909953021479; 0,7377908159804654
45,29861261228413; 0,7304992199687987
45,434300408961995; 0,7499434759999095
45,59254873642722; 0,7718182640349092
45,50230661327782; 0,7620961360193539
45,77140992295714; 0,7669572000271316
45,83795537348097; 0,7572350720115761
45,97185780441308; 0,7499434759999095
46,10681522419495; 0,7584503380135206
46,30831809450066; 0,7572350720115761
46,37494469801294; 0,7487282099979651
46,508684822968156; 0,7390060819824098
46,77770697965903; 0,7426518799882431
46,71002538729698; 0,7353602839765765
46,97929100295318; 0,7426518799882431
47,04567414750013; 0,7304992199687987
47,179414272455354; 0,7207770919532435
47,31429053924878; 0,7280686879649099
47,58290693099743; 0,725638155961021
47,8513610167692; 0,7207770919532435
47,78384173038404; 0,7159160279454657
48,14275434727438; 0,724017801291762
48,05262042810958; 0,7159160279454657
48,38940533015093; 0,7280686879649099
48,321723737788886; 0,7207770919532435
48,65818402787647; 0,7280686879649099
48,81567492744955; 0,738600993315095
49,062163604349216; 0,7402213479843542
49,061676686418544; 0,7329297519726876
49,2632607097127; 0,7329297519726876
49,32988731322498; 0,7244228899590766
49,46362743818022; 0,7147007619435213
49,73313651280174; 0,725638155961021
49,66529261446281; 0,7159160279454657
49,890789718351705; 0,738600993315095
50,13727839525138; 0,7402213479843542
50,40540786906936; 0,7304992199687987
50,40475864516181; 0,7207770919532435
50,69804554539734; 0,7523740080037984
50,60780342224795; 0,7426518799882431
50,60715419834039; 0,7329297519726876
50,60666728040973; 0,725638155961021
50,87723134388104; 0,7523740080037984
50,94361448842799; 0,7402213479843542
50,87609520204284; 0,7353602839765765
51,07703000142943; 0,725638155961021
51,34548408720119; 0,7207770919532435
51,277964800816044; 0,7159160279454657
51,47906190617952; 0,7086244319337991
51,614100478949844; 0,7183465599493546
51,54576966268025; 0,7013328359221327
51,77218650043819; 0,7377908159804654
51,749057898731714; 0,7268534219629654
51,68080823545058; 0,711054963937688
51,951372298921875; 0,7377908159804654
52,01775544346881; 0,725638155961021
51,95023615708366; 0,7207770919532435
52,219501772739854; 0,7280686879649099
52,2860472232637; 0,7183465599493546
52,2854791523446; 0,7098396979357435
52,35210575585686; 0,7013328359221327
52,55547514489678; 0,7280686879649099
52,55490707397768; 0,719561825951299
52,48698202265029; 0,7086244319337991
52,69035141169022; 0,7353602839765765
52,82401038365699; 0,7244228899590766
53,09319484632474; 0,7304992199687987
53,36221700301561; 0,734145017974632
53,49587597498239; 0,7232076239571321
53,652068426740364; 0,7142956732762065
53,56193450757555; 0,7061938999299104
53,78737750947216; 0,7280686879649099
53,9003424693858; 0,7426518799882431
54,03432605330635; 0,7365755499785209
54,168147331250005; 0,7280686879649099
54,32439388500028; 0,7199669146186136
54,57099076588454; 0,7232076239571321
54,7272373196348; 0,7151058506108359
54,974158812472844; 0,7232076239571321
54,90631491413392; 0,7134854959415768
55,242937510198395; 0,7232076239571321
55,24245059226774; 0,7159160279454657
55,511553901947046; 0,7207770919532435
55,64513172092537; 0,7086244319337991
55,77919645783437; 0,7037633679260216
55,93668735740744; 0,7142956732762065
56,04959821532878; 0,7280686879649099
56,20584476907906; 0,7199669146186136
56,451954732032654; 0,7159160279454657
56,45146781410198; 0,7086244319337991
56,719921899873746; 0,7037633679260216
56,98886290357617; 0,7061938999299104
57,12406378232338; 0,7183465599493546
57,282203905804; 0,738600993315095
57,19190768066232; 0,7280686879649099
57,461335602295414; 0,7377908159804654
57,527718746842346; 0,725638155961021
57,5270695229348; 0,7159160279454657
57,66048503593624; 0,7013328359221327
57,659835812028696; 0,6916107079065772
57,9522029783952; 0,7094346092684287
57,861906753253514; 0,6989023039182438
57,861419835322856; 0,6916107079065772
58,131334674886595; 0,7086244319337991
58,197961278398886; 0,700117569920188
58,331863709330996; 0,6928259739085214
58,46698343508975; 0,7037633679260216
58,60267123176762; 0,7232076239571321
58,60202200786008; 0,7134854959415768
58,73576213281529; 0,7037633679260216
58,869826869724285; 0,6989023039182438
59,027912891212615; 0,7183465599493546
58,93767076806321; 0,7086244319337991
59,27478028205835; 0,725638155961021
59,20726099567319; 0,7207770919532435
59,408195795059804; 0,711054963937688
59,67648757485467; 0,7037633679260216
59,81022769980989; 0,6940412399104661
59,94429243671889; 0,6891801759026883
60,0793310094892; 0,6989023039182438
60,213314593409756; 0,6928259739085214
60,34697356537652; 0,6818885798910217
60,616076875055846; 0,6867496438987994
60,54823297671691; 0,677027515883244
60,773730080605795; 0,6997124812528734
61,02038106348237; 0,7037633679260216
61,17787196305543; 0,7142956732762065
61,290620514999894; 0,725638155961021
61,424036028001346; 0,711054963937688
61,423549110070674; 0,7037633679260216
61,715699868468; 0,7183465599493546
61,62545774531859; 0,7086244319337991
61,62497082738793; 0,7013328359221327
61,89488566695169; 0,7183465599493546
61,96143111747552; 0,7086244319337991
61,96094419954486; 0,7013328359221327
62,23053442715484; 0,7134854959415768
62,23004750922417; 0,7061938999299104
62,52144083972936; 0,7094346092684287
62,43130692056456; 0,7013328359221327
62,70089714817454; 0,7134854959415768
62,70024792426698; 0,7037633679260216
62,76663106881393; 0,6916107079065772
62,76598184490637; 0,6818885798910217
63,05732107341927; 0,6843191118949106
63,1933875840432; 0,7094346092684287
63,103091358901516; 0,6989023039182438
63,37284389248838; 0,7134854959415768
63,439227037035316; 0,7013328359221327
63,707681122807095; 0,6964717719143549
63,84109663580853; 0,6818885798910217
63,840609717877875; 0,6745969838793551
64,1324899663137; 0,6851292892295402
64,04219374117201; 0,6745969838793551
64,24540082423505; 0,6989023039182438
64,40289172380812; 0,7094346092684287
64,5823480322533; 0,7134854959415768
64,58169880834573; 0,7037633679260216
64,64832541185802; 0,6952565059124103
64,7819843838248; 0,6843191118949106
64,78133515991725; 0,6745969838793551
64,84804291641797; 0,6673053878676884
65,07418924421441; 0,6997124812528734
64,98389301907272; 0,6891801759026883
64,98324379516517; 0,6794580478871328
65,32084022709097; 0,7037633679260216
65,32035330916031; 0,6964717719143549
65,52242425038513; 0,7037633679260216
65,58880739493208; 0,6916107079065772
65,52128810854693; 0,6867496438987994
65,7223852139104; 0,6794580478871328
65,85807301058827; 0,6989023039182438
65,85750493966917; 0,6903954419046325
66,0161590320766; 0,7183465599493546
65,9259169089272; 0,7086244319337991
66,26205258706102; 0,711054963937688
66,19453330067586; 0,7061938999299104
66,530182060879; 0,7013328359221327
66,79863614665078; 0,6964717719143549
67,09002947715595; 0,6997124812528734
66,99989555799115; 0,6916107079065772
67,33651815405563; 0,7013328359221327
67,47033943199929; 0,6928259739085214
67,74017311857459; 0,7086244319337991
67,73952389466704; 0,6989023039182438
67,94143252991496; 0,7037633679260216
68,00781567446192; 0,6916107079065772
68,00732875653127; 0,6843191118949106
68,27691898414123; 0,6964717719143549
68,20891277982543; 0,6843191118949106
68,47866531341228; 0,6989023039182438
68,545373069913; 0,6916107079065772
68,81415176763853; 0,6916107079065772
69,0837419952485; 0,7037633679260216
69,01606040288647; 0,6964717719143549
69,35203377504338; 0,6964717719143549
69,35154685711272; 0,6891801759026883
69,62105593173426; 0,700117569920188
69,55313088040688; 0,6891801759026883
69,75731179933123; 0,7280686879649099
69,75666257542369; 0,7183465599493546
69,68881867708474; 0,7086244319337991
69,95857121067161; 0,7232076239571321
69,95792198676406; 0,7134854959415768
69,9572727628565; 0,7037633679260216
70,02381821338035; 0,6940412399104661
70,15755833833558; 0,6843191118949106
70,22426609483628; 0,677027515883244
70,42682395399177; 0,6916107079065772
70,69527803976354; 0,6867496438987994
70,62775875337836; 0,6818885798910217
70,96438134944285; 0,6916107079065772
70,89653745110391; 0,6818885798910217
71,23380927107593; 0,7013328359221327
71,165965372737; 0,6916107079065772
71,50258796880146; 0,7013328359221327
71,5021010508708; 0,6940412399104661
71,79300746344532; 0,6899903532373179
72,039496140345; 0,6916107079065772
72,33121408280394; 0,6997124812528734
72,24091785766227; 0,6891801759026883
72,5780273716574; 0,7061938999299104
72,77977370092843; 0,7086244319337991
72,84640030444072; 0,700117569920188
73,11477323722404; 0,6940412399104661
73,24851336217927; 0,6843191118949106
73,40600426175233; 0,6948514172450957
73,67510757143164; 0,6997124812528734
73,81041665416345; 0,7134854959415768
73,98992706460092; 0,7183465599493546
73,98927784069336; 0,7086244319337991
74,0558232912172; 0,6989023039182438
74,0552552202981; 0,6903954419046325
74,12171951783348; 0,6794580478871328
74,18826496835732; 0,6697359198715773
74,18769689743822; 0,6612290578579665
74,32135586940498; 0,6502916638404668
74,45704366608285; 0,6697359198715773
74,45639444217531; 0,6600137918560223
74,59273146276072; 0,6891801759026883
74,59216339184161; 0,6806733138890775
74,79399087410111; 0,6843191118949106
74,86037401864805; 0,6721664518754662
74,99419529659171; 0,6636595898618554
75,12931502235048; 0,6745969838793551
75,26500281902835; 0,6940412399104661
75,19715892068942; 0,6843191118949106
75,42249371860142; 0,7045735452606512
75,60195002704658; 0,7086244319337991
75,60130080313904; 0,6989023039182438
75,667683947686; 0,6867496438987994
75,60016466130082; 0,6818885798910217
75,80126176666433; 0,6745969838793551
75,80061254275678; 0,6648748558637996
75,95869856424511; 0,6843191118949106
76,09411585096149; 0,6997124812528734
76,34044222188427; 0,6989023039182438
76,27276062952222; 0,6916107079065772
76,54202624517842; 0,6989023039182438
76,60857169570227; 0,6891801759026883
76,60800362478315; 0,6806733138890775
76,76411492355268; 0,6705460972062074
77,01149628332524; 0,6855343778968552
76,94357123199786; 0,6745969838793551
77,14645370310711; 0,6940412399104661
77,30270025685738; 0,6859394665641698
77,54929713774165; 0,6891801759026883
77,4816155453796; 0,6818885798910217
77,8179135294903; 0,6867496438987994
77,75039424310513; 0,6818885798910217
78,08636761526206; 0,6818885798910217
78,35506515999916; 0,6806733138890775
78,49002257978104; 0,6891801759026883
78,75863897152969; 0,6867496438987994
78,75807090061058; 0,6782427818851886
79,02790458718589; 0,6940412399104661
79,02733651626679; 0,6855343778968552
79,22883938657249; 0,6843191118949106
79,29538483709632; 0,6745969838793551
79,5649750647063; 0,6867496438987994
79,56440699378719; 0,6782427818851886
79,4968065544136; 0,6721664518754662
79,83310453852428; 0,677027515883244
79,83245531461674; 0,6673053878676884
4,103699402385617; 1,452898550724638
15,313203164694782; 1,3152173913043481
4,403232440540998; 1,4384057971014494
30,108877114030633; 0,8804347826086958
31,40693426241804; 0,818840579710145
